datetime,count_predicted
2012-06-05 05:00:00,116.56090801596581
2011-03-19 19:00:00,361.48016885265235
2012-04-02 06:00:00,160.74166699755554
2012-07-13 20:00:00,325.84476120317316
2011-11-09 19:00:00,295.2298677035104
2012-03-10 00:00:00,150.0778493242966
2011-05-19 13:00:00,243.27887952268884
2011-05-01 08:00:00,31.32853045434311
2012-07-07 08:00:00,188.25316452265173
2011-05-07 16:00:00,283.62992915088483
2011-04-09 11:00:00,256.82570948963263
2011-06-16 04:00:00,270.29886731382203
2012-07-13 22:00:00,317.77328762675313
2012-03-02 14:00:00,0.0
2012-05-18 15:00:00,313.8598945100732
2011-12-14 22:00:00,267.80386609054443
2012-02-17 19:00:00,290.3453212369873
2012-04-15 18:00:00,515.464868799854
2012-10-06 23:00:00,206.88270046823246
2012-07-17 00:00:00,168.6910206893192
2012-09-13 11:00:00,279.2594056707112
2012-01-13 07:00:00,255.0759819859958
2012-08-11 08:00:00,259.8491808316038
2011-09-17 08:00:00,135.58253754470027
2011-11-04 11:00:00,60.52502708623365
2011-10-01 11:00:00,0.0
2011-03-03 12:00:00,0.0
2012-12-05 19:00:00,240.4110647734755
2012-06-18 23:00:00,350.3574582484513
2012-09-19 18:00:00,287.1879636155047
2011-11-08 19:00:00,373.5096954681297
2011-02-18 13:00:00,261.5045110054243
2011-11-07 10:00:00,439.2645346059103
2011-08-10 14:00:00,239.22513092928187
2012-05-02 00:00:00,14.833665956183637
2011-01-14 14:00:00,212.52563628406403
2011-07-17 01:00:00,124.59994359222637
2011-07-14 15:00:00,304.59758761871785
2011-03-04 03:00:00,24.038719471325464
2012-12-18 15:00:00,326.3819047148904
2012-12-14 10:00:00,384.882623968978
2011-05-14 03:00:00,260.0146843989681
2012-03-19 23:00:00,368.90059486348105
2011-01-08 05:00:00,126.70418256888775
2011-08-13 06:00:00,226.35699715572943
2011-08-04 02:00:00,90.39777379021754
2012-02-03 05:00:00,0.0
2012-12-16 21:00:00,163.95052041423116
2011-01-04 09:00:00,312.422179390472
2011-04-06 01:00:00,93.57386186896929
2012-03-09 11:00:00,213.21794326756694
2012-10-12 20:00:00,306.7782629162601
2011-06-14 20:00:00,316.6640387464217
2012-12-06 02:00:00,227.46827003807778
2012-12-03 02:00:00,301.66570833003925
2011-07-10 17:00:00,560.9291448437751
2012-01-09 22:00:00,372.81140558141726
2012-01-10 17:00:00,419.52957423667056
2012-08-07 04:00:00,180.9537090069045
2011-01-17 04:00:00,175.84500816392563
2011-05-03 15:00:00,225.0827837095347
2012-04-08 07:00:00,187.50566784057085
2011-07-04 05:00:00,0.0
2011-01-13 14:00:00,220.70222573514476
2012-08-18 23:00:00,246.2390794328486
2012-12-11 00:00:00,260.18890198716167
2012-03-11 09:00:00,223.1286140205585
2012-03-18 08:00:00,73.15198327648923
2011-12-06 03:00:00,213.2649600915052
2011-11-05 14:00:00,171.36455937698298
2012-10-10 11:00:00,253.21022870677186
2011-11-02 20:00:00,115.34033860327058
2011-07-18 21:00:00,377.1437274417074
2011-03-09 15:00:00,207.06447470244152
2012-12-10 17:00:00,399.75609191059067
2011-01-02 20:00:00,51.1008820636242
2012-10-01 10:00:00,204.27250608248954
2012-07-17 14:00:00,304.01397055743377
2012-03-07 15:00:00,162.87505183357442
2011-02-09 22:00:00,138.76334554635793
2011-01-16 01:00:00,69.7922009525962
2012-02-19 12:00:00,134.6284465831118
2011-02-09 02:00:00,136.43492444073993
2011-09-06 09:00:00,213.77843432230256
2011-06-11 08:00:00,310.473112530986
2011-02-08 02:00:00,273.6116256751626
2012-08-15 14:00:00,250.95192556187126
2011-05-17 12:00:00,287.65004732746604
2012-04-03 18:00:00,374.171607102948
2011-05-14 07:00:00,251.81678554145927
2011-01-06 08:00:00,190.76989141126444
2011-05-04 22:00:00,95.37165127031491
2011-08-14 18:00:00,435.5072523498942
2012-12-01 18:00:00,100.04957418752423
2011-01-11 17:00:00,432.0914118114047
2011-02-10 17:00:00,230.84777389267148
2011-02-08 23:00:00,237.80798890003928
2011-03-13 04:00:00,91.02137006593517
2012-06-18 15:00:00,379.6021519866699
2012-04-16 18:00:00,497.54338583445343
2011-09-05 10:00:00,0.0
2012-09-17 05:00:00,301.03614492784914
2011-12-05 19:00:00,354.9753735499974
2011-01-10 01:00:00,358.9245175040127
2012-05-08 08:00:00,336.03292595936534
2011-07-08 16:00:00,221.47604149903856
2012-09-06 07:00:00,100.0990001003488
2012-11-06 17:00:00,404.60698100144737
2012-03-05 20:00:00,288.87775049435226
2011-10-01 13:00:00,0.0
2011-04-17 14:00:00,280.2584596254517
2012-08-18 11:00:00,202.06537067186864
2012-09-03 22:00:00,41.97570461030102
2011-03-13 08:00:00,219.26674157344547
2011-05-12 08:00:00,241.9702581154503
2011-10-10 11:00:00,258.8415297549179
2012-04-11 10:00:00,281.0405637705443
2011-05-15 09:00:00,188.34461423452467
2011-10-06 17:00:00,208.74300981029376
2011-06-12 07:00:00,221.15872574617202
2011-04-15 20:00:00,377.2950798700663
2012-04-05 14:00:00,86.38014170859753
2012-04-13 14:00:00,235.40768956730113
2012-05-10 08:00:00,237.61469016808465
2011-02-02 15:00:00,39.863426294049134
2011-03-09 09:00:00,277.4267142684354
2012-05-19 20:00:00,368.67251135624633
2012-07-11 18:00:00,342.78586566334775
2012-04-18 02:00:00,180.80395904321122
2012-09-19 13:00:00,215.5565406253264
2012-11-04 20:00:00,197.9581529957761
2012-12-15 11:00:00,251.77911992882582
2012-04-08 03:00:00,139.41754200010877
2011-09-11 00:00:00,223.55930597811607
2012-12-16 11:00:00,158.0043764795074
2012-03-03 15:00:00,75.55775397539557
2011-11-03 12:00:00,89.39772522555256
2012-01-15 01:00:00,126.8112869525314
2011-10-07 01:00:00,249.7338762947429
2011-11-07 00:00:00,398.7980688220996
2011-03-04 18:00:00,154.03971071883376
2012-03-14 12:00:00,277.51756002431034
2012-05-11 04:00:00,214.1511087790548
2012-12-16 07:00:00,24.67324841437744
2011-03-01 11:00:00,112.22387930366696
2012-01-12 05:00:00,197.86850513488764
2011-08-13 21:00:00,433.7259260086126
2012-11-19 01:00:00,248.90032492841402
2012-09-09 12:00:00,244.2218977069836
2011-09-06 16:00:00,192.05523676406165
2012-08-17 14:00:00,412.11716116376584
2011-08-16 07:00:00,185.58330092149288
2011-04-01 06:00:00,0.0
2012-06-03 17:00:00,387.3386163599168
2012-01-09 17:00:00,454.2248029313083
2012-10-18 04:00:00,219.14382551521905
2012-06-02 21:00:00,168.56288464052517
2011-12-02 17:00:00,184.3835586674364
2012-08-02 14:00:00,0.0
2011-12-03 05:00:00,31.14370325052829
2012-10-12 19:00:00,336.06008618913717
2012-05-02 17:00:00,174.12030528854348
2012-11-07 14:00:00,206.860373983805
2012-04-05 03:00:00,80.00719239818017
2012-06-03 12:00:00,97.30517821157088
2011-04-01 03:00:00,0.0
2011-01-04 05:00:00,209.5946973343548
2012-04-06 03:00:00,74.71137122440251
2012-07-09 18:00:00,485.38567882614075
2012-08-17 22:00:00,239.3426945586486
2012-11-17 14:00:00,266.5548477876149
2012-03-19 21:00:00,423.8118708534198
2012-01-05 15:00:00,43.22576736737608
2011-02-17 03:00:00,158.19777277402773
2011-04-13 04:00:00,185.64834997713473
2011-11-18 04:00:00,266.1270386682785
2011-09-12 06:00:00,368.4639022450349
2011-12-13 08:00:00,394.1164860784065
2011-01-06 21:00:00,71.84152467643901
2011-11-11 18:00:00,485.55335490942025
2012-03-08 16:00:00,240.26406056700728
2012-09-05 18:00:00,158.65634750531697
2011-03-09 09:00:00,280.30177856282444
2011-06-02 09:00:00,36.81399041952187
2012-03-19 14:00:00,425.4240644560581
2012-11-10 02:00:00,254.55533484201905
2012-12-18 21:00:00,314.09118841566584
2011-05-02 04:00:00,161.23213525883384
2011-05-08 04:00:00,68.38132853404704
2012-08-17 01:00:00,303.7686188513437
2011-11-14 23:00:00,390.28585212650125
2011-11-15 05:00:00,250.6321445048199
2012-01-09 23:00:00,383.3721731092937
2012-11-10 05:00:00,252.21257982693606
2011-12-03 14:00:00,127.30083703129361
2011-03-08 14:00:00,271.43136601099536
2012-09-08 15:00:00,304.5462177424549
2012-08-13 09:00:00,354.72632854421147
2011-05-04 06:00:00,0.0
2011-03-17 21:00:00,206.4923369253317
2012-04-01 02:00:00,0.0
2012-03-15 17:00:00,330.90857284061514
2012-05-05 10:00:00,102.56483895361583
2012-10-11 14:00:00,269.730750036463
2012-06-14 05:00:00,318.8040820116184
2011-08-01 05:00:00,112.75395042559595
2011-08-03 03:00:00,16.920994254662787
2011-06-09 06:00:00,284.9260806604034
2011-08-08 17:00:00,442.9545065665284
2011-04-16 22:00:00,257.8728653984263
2011-01-13 05:00:00,215.9110066087461
2012-04-07 20:00:00,291.1458714713972
2012-08-06 01:00:00,238.13709022916865
2012-07-08 00:00:00,249.20023413786316
2011-11-04 12:00:00,42.75955682825685
2011-04-08 13:00:00,163.0643486680236
2011-02-13 17:00:00,418.6749615804867
2011-08-01 07:00:00,150.2426636699893
2011-06-10 01:00:00,286.75215812789355
2011-03-11 09:00:00,298.72285934471955
2012-06-12 18:00:00,399.4057337632519
2011-05-15 15:00:00,328.851962114564
2011-10-01 12:00:00,0.0
2011-01-08 23:00:00,82.89558409788603
2012-06-12 00:00:00,335.88767490646273
2012-04-07 16:00:00,283.2563166663971
2012-05-01 08:00:00,132.63166721358067
2012-09-14 08:00:00,247.48759480725346
2011-05-01 17:00:00,262.5025892302989
2012-11-04 23:00:00,92.28910711630908
2012-01-13 09:00:00,261.8177908909766
2012-01-06 21:00:00,80.58222593857158
2011-07-15 21:00:00,309.42012063319527
2011-05-13 03:00:00,292.942297495844
2012-12-11 23:00:00,359.1825209203263
2012-06-09 16:00:00,429.31369216887475
2012-02-16 22:00:00,185.84551931183447
2011-12-10 16:00:00,318.4175107389359
2012-07-10 16:00:00,315.93368411957977
2011-10-02 03:00:00,0.0
2011-08-04 03:00:00,0.0
2011-07-11 15:00:00,384.96814012168755
2012-04-12 20:00:00,229.28272045151726
2012-01-05 03:00:00,97.02134052951209
2011-02-10 20:00:00,123.63765743910332
2012-06-13 13:00:00,338.1724164993501
2011-12-03 06:00:00,26.59896966919402
2011-11-19 07:00:00,50.171138278847906
2011-03-07 06:00:00,263.92989439857325
2012-04-17 08:00:00,224.0585977088131
2012-10-13 17:00:00,385.6402178149836
2012-05-11 04:00:00,215.0273056913242
2011-02-12 07:00:00,171.5217010183237
2012-04-09 05:00:00,303.88297546353
2011-12-10 09:00:00,281.2113258590455
2011-12-06 21:00:00,230.7015966765211
2012-12-18 00:00:00,166.2245952045402
2011-06-05 05:00:00,139.46455167099526
2011-09-17 11:00:00,237.40798685229134
2012-12-12 05:00:00,301.6876727233418
2011-12-10 20:00:00,317.8422704988591
2012-04-13 10:00:00,229.1753333755788
2011-10-19 02:00:00,96.04335670176135
2011-02-19 00:00:00,160.9530319801677
2012-03-07 04:00:00,97.25387642779219
2011-10-14 16:00:00,252.63365307665435
2012-01-17 21:00:00,354.20634582763006
2012-08-13 02:00:00,317.28459832958146
2011-02-19 06:00:00,24.272355019254633
2011-08-03 06:00:00,0.0
2012-04-15 08:00:00,150.73113213121917
2011-02-08 03:00:00,222.29300898095389
2011-01-16 10:00:00,127.26280691223513
2012-12-12 21:00:00,236.36602535031443
2012-08-02 09:00:00,0.0
2012-12-17 05:00:00,262.93710092415915
2011-09-01 02:00:00,13.224453902781818
2012-04-19 00:00:00,157.33654022122727
2011-02-19 18:00:00,329.944110350654
2011-04-05 16:00:00,227.16240756796248
2011-06-08 18:00:00,343.9839287268981
2011-10-18 18:00:00,336.96139866323733
2012-02-19 23:00:00,58.93036323544351
2011-01-09 10:00:00,145.41630459473635
2011-02-16 01:00:00,149.68932193850088
2012-12-13 00:00:00,270.5734838249845
2012-06-01 16:00:00,10.494590548898998
2011-03-18 07:00:00,159.9758911860975
2012-12-16 04:00:00,42.279473615117496
2012-05-05 00:00:00,92.5968649349951
2012-08-16 19:00:00,308.0794306511976
2011-08-06 16:00:00,268.474755387345
2012-04-02 06:00:00,154.7255182972834
2012-01-13 19:00:00,260.8259615312548
2011-05-08 19:00:00,429.89617913514354
2011-08-08 15:00:00,348.87641043891915
2011-11-04 04:00:00,119.26926347275628
2012-08-01 22:00:00,7.102997600266178
2012-02-16 06:00:00,227.07354154885206
2012-01-16 04:00:00,247.21166718880372
2012-07-01 03:00:00,0.0
2011-06-18 23:00:00,357.13876326438265
2011-10-13 06:00:00,204.39690511305247
2011-01-02 00:00:00,0.0
2011-08-05 00:00:00,130.5432495542563
2012-10-03 15:00:00,0.0
2012-09-18 09:00:00,133.33663580429524
2012-10-09 19:00:00,320.9499882672877
2012-10-04 09:00:00,16.023862339375455
2011-08-10 16:00:00,241.50526300825632
2012-05-07 05:00:00,236.5449769755805
2012-02-04 05:00:00,0.0
2012-04-08 04:00:00,101.57203536668675
2012-07-02 13:00:00,210.97334750144768
2011-12-06 16:00:00,213.3558831261984
2011-10-03 20:00:00,213.91142355046605
2012-03-01 22:00:00,0.0
2012-05-10 10:00:00,221.53130710816953
2011-09-02 20:00:00,65.64533999049257
2011-09-01 11:00:00,0.0
2012-02-05 06:00:00,20.9133158317903
2011-06-07 21:00:00,283.4741948171798
2011-11-05 22:00:00,189.92419742881523
2011-04-07 14:00:00,138.40058330432387
2012-05-17 02:00:00,170.937995500044
2012-02-07 14:00:00,260.00210062299783
2012-02-09 00:00:00,178.86860585513196
2011-02-12 09:00:00,208.6523287171399
2011-06-02 23:00:00,73.45047473870704
2011-11-09 14:00:00,237.8445224755498
2012-09-12 10:00:00,247.87660502887783
2012-03-12 06:00:00,325.9752675155099
2012-05-10 03:00:00,189.6496307681698
2012-01-19 00:00:00,192.2991231496651
2012-06-10 22:00:00,407.78785214324523
2011-11-04 20:00:00,157.05609175701187
2012-01-04 13:00:00,67.70692600474689
2011-09-02 05:00:00,0.0
2011-02-19 16:00:00,271.7245688545631
2012-05-03 18:00:00,206.99971783272227
2012-12-15 23:00:00,205.0551073674863
2012-05-01 10:00:00,67.77426469808682
2012-06-05 20:00:00,246.41643689779121
2011-01-01 12:00:00,0.0
2012-06-14 02:00:00,322.17007465901446
2012-07-01 23:00:00,196.34165426341568
2012-06-11 22:00:00,476.9529983163164
2012-05-16 18:00:00,328.65954853962364
2011-03-13 00:00:00,130.98547495005724
2012-06-12 00:00:00,340.6651182201594
2012-03-09 14:00:00,150.10761721181282
2011-10-07 00:00:00,251.2145806402477
2011-10-05 21:00:00,163.874845210554
2011-02-11 05:00:00,182.50747280509702
2012-10-13 00:00:00,282.10362215051754
2012-11-07 18:00:00,228.43929505550042
2012-01-02 19:00:00,392.6061161681216
2012-12-03 07:00:00,274.4415108213199
2012-08-05 17:00:00,378.7951037035563
2012-03-14 20:00:00,235.1295328065271
2011-12-06 01:00:00,210.81249207978257
2011-11-05 16:00:00,196.5924421716194
2012-07-09 11:00:00,365.1901750758191
2011-03-03 18:00:00,134.09704981415354
2011-05-08 14:00:00,251.20508517103332
2011-09-04 13:00:00,120.43591805758254
2012-06-05 17:00:00,317.8699865019364
2011-11-07 18:00:00,466.02670156802594
2012-03-02 00:00:00,0.0
2011-10-02 20:00:00,83.3926181512195
2012-03-13 07:00:00,362.0753728719054
2011-06-12 18:00:00,492.84073314885353
2012-04-13 17:00:00,336.8330701509805
2011-07-14 02:00:00,249.45963960110169
2011-12-11 11:00:00,256.9711770742471
2011-04-04 12:00:00,299.4015568535543
2012-03-16 07:00:00,222.08338341199868
2012-05-16 17:00:00,316.61102061089025
2012-04-05 11:00:00,130.0175443097866
2012-11-11 00:00:00,239.98625605578275
2011-09-02 03:00:00,3.3358712696435475
2012-05-02 13:00:00,41.20204599327906
2012-06-08 16:00:00,252.62537681817992
2012-11-11 02:00:00,217.61180282437266
2012-02-15 12:00:00,229.81480322108575
2012-04-14 04:00:00,114.52442174199275
2011-09-13 23:00:00,318.7586985826471
2011-03-01 12:00:00,122.62488314418931
2011-05-17 03:00:00,163.82666292571884
2011-09-19 10:00:00,282.0330082910898
2011-05-15 02:00:00,175.71777337357355
2012-11-02 14:00:00,0.0
2012-03-06 20:00:00,226.47050954129776
2012-08-08 14:00:00,197.4942849092988
2012-03-06 17:00:00,368.99416443077416
2011-01-11 09:00:00,428.71482883717727
2011-11-01 08:00:00,185.39689453357187
2012-11-19 03:00:00,224.5744888848154
2012-03-14 06:00:00,170.8707088106359
2012-02-02 20:00:00,0.0
2011-11-03 00:00:00,170.94953280054284
2011-03-09 04:00:00,145.34472133053282
2011-04-09 03:00:00,190.1170770788936
2012-08-14 06:00:00,232.19117360712625
2012-11-15 00:00:00,283.25193043258787
2012-12-13 01:00:00,270.3096364679357
2012-09-03 02:00:00,10.96831766619664
2011-11-01 02:00:00,89.30363874314219
2011-04-01 05:00:00,0.0
2012-01-01 21:00:00,33.745258426224666
2012-05-16 15:00:00,284.61707407153506
2011-07-15 05:00:00,228.53005112311988
2011-12-02 05:00:00,144.30482196556892
2012-02-02 12:00:00,6.172253888622208
2011-08-11 04:00:00,252.1779879839919
2012-10-11 19:00:00,316.14827851301146
2011-06-06 02:00:00,223.17227583776554
2011-11-13 01:00:00,209.87759381175272
2011-06-08 12:00:00,178.4311789152038
2012-07-03 11:00:00,99.93230370677011
2011-01-17 15:00:00,290.644776340101
2011-04-16 10:00:00,220.5681496028797
2011-04-15 09:00:00,260.52731785150627
2011-05-07 09:00:00,225.01893539029828
2012-12-10 02:00:00,362.1490502002981
2011-09-09 22:00:00,265.89997258358824
2012-06-01 09:00:00,34.252075783834925
2012-05-18 11:00:00,244.02015510827857
2011-12-05 18:00:00,469.0120533938855
2011-04-09 19:00:00,411.5054136409059
2011-08-05 12:00:00,113.68100476994253
2012-08-14 13:00:00,280.6960693835989
2011-06-15 22:00:00,241.18597213512638
2011-07-08 04:00:00,187.3468455908535
2012-10-15 05:00:00,286.2287084167884
2012-01-14 06:00:00,100.6912199909026
2012-02-08 23:00:00,174.9403249719684
2012-07-13 15:00:00,350.92194655169567
2012-10-17 07:00:00,184.13534058339803
2012-07-02 03:00:00,171.32069035430246
2012-11-17 08:00:00,140.37297067204867
2011-11-18 08:00:00,250.8604837017631
2012-10-14 02:00:00,173.00106760381234
2011-01-14 07:00:00,274.7693173208694
2012-12-15 10:00:00,235.27157921365665
2011-12-18 01:00:00,61.567001685358946
2011-02-16 05:00:00,148.0736409266326
2011-08-04 08:00:00,38.77017866088289
2011-07-19 19:00:00,331.0538925554483
2012-11-08 00:00:00,186.05074482807595
2012-10-13 18:00:00,393.24667433807326
2012-05-04 00:00:00,75.56971072561385
2011-06-16 17:00:00,334.51184919436776
2011-10-11 17:00:00,305.1382613355852
2012-10-12 03:00:00,341.61688252081035
2011-11-19 17:00:00,309.5862894357022
2011-02-07 05:00:00,324.2389654919267
2012-05-05 15:00:00,279.95965553672545
2012-05-19 07:00:00,41.33932623359141
2012-04-11 06:00:00,175.25862979788985
2012-03-09 17:00:00,270.7311763030892
2012-11-09 21:00:00,297.6484514372156
2011-06-05 17:00:00,399.0664496456177
2012-03-15 18:00:00,327.8092730673489
2012-07-07 04:00:00,159.21783867978928
2012-05-03 08:00:00,0.0
2012-09-11 22:00:00,336.78865815268745
2011-01-03 16:00:00,286.9716133108874
2012-03-12 02:00:00,307.75552819798713
2011-05-14 23:00:00,367.2176081666781
2011-05-11 13:00:00,194.2149653194955
2011-10-08 13:00:00,234.15795493328105
2011-09-13 19:00:00,370.51675811277175
2011-05-11 18:00:00,335.83652475910276
2011-11-12 11:00:00,297.2521281988309
2012-02-17 07:00:00,200.30601877220835
2012-08-12 10:00:00,268.99954366865944
2011-09-19 00:00:00,266.15823840044874
2011-12-16 23:00:00,206.55145340512007
2012-08-09 18:00:00,292.61821005090667
2011-08-17 19:00:00,271.11781820783324
2011-11-02 04:00:00,127.59120481871682
2011-11-01 07:00:00,185.5795078907127
2011-08-13 06:00:00,227.86002642983865
2012-12-02 13:00:00,65.47855722790729
2011-10-01 00:00:00,3.5896563323733517
2012-09-09 23:00:00,330.2883124987292
2011-04-02 20:00:00,65.74243230594175
2011-06-19 07:00:00,53.505989795392566
2011-07-16 15:00:00,387.82796950714385
2012-10-15 03:00:00,280.21149198658713
2011-08-16 17:00:00,376.45420731921945
2011-11-18 22:00:00,312.12101985909567
2012-08-15 19:00:00,278.7743256659358
2012-01-05 09:00:00,169.4319374048203
2011-06-06 09:00:00,318.94609047002433
2011-07-07 15:00:00,187.9983412471436
2011-07-16 07:00:00,149.1877362980382
2012-11-04 00:00:00,101.28659058134758
2012-08-02 06:00:00,0.0
2012-01-01 08:00:00,0.0
2012-11-09 05:00:00,313.42247191184185
2011-09-04 01:00:00,35.622693003665916
2012-01-17 02:00:00,211.32400145109992
2012-11-18 02:00:00,49.59189130051536
2011-05-03 12:00:00,190.64710582246008
2012-03-02 18:00:00,37.807746508824835
2012-09-11 03:00:00,307.6995451708797
2011-06-06 19:00:00,489.32858053706605
2012-08-06 06:00:00,247.87257627365585
2012-04-04 11:00:00,122.85374701896099
2011-03-19 00:00:00,234.58930230285824
2012-04-01 03:00:00,0.0
2011-04-19 01:00:00,172.56937707819256
2011-02-16 15:00:00,235.40076170757234
2012-07-16 22:00:00,366.06412429996215
2012-02-14 04:00:00,298.1632439563577
2012-12-13 03:00:00,281.3582205660975
2011-09-19 22:00:00,307.0363481932683
2011-12-05 07:00:00,405.4331182293453
2012-02-04 18:00:00,185.04475403995008
2011-02-09 23:00:00,139.41250944530876
2011-06-06 06:00:00,205.50897723173392
2012-04-12 22:00:00,227.3336622470634
2011-07-17 19:00:00,449.4037341307548
2012-03-13 16:00:00,379.65162910384436
2012-06-16 18:00:00,540.4627403268266
2011-04-16 13:00:00,306.89598110433155
2012-11-16 21:00:00,305.1701564670063
2012-12-14 03:00:00,336.1127207325021
2012-06-09 13:00:00,389.46486706134283
2011-06-06 15:00:00,336.2388913201989
2012-04-02 21:00:00,297.544178338737
2011-01-14 20:00:00,173.4635695805418
2012-01-15 03:00:00,112.64242413715334
2012-09-03 08:00:00,0.0
2011-08-04 09:00:00,36.6210947971565
2012-07-10 00:00:00,242.11258630503661
2011-08-12 10:00:00,281.2688544964708
2011-02-02 15:00:00,36.86952062882193
2012-04-08 06:00:00,84.65893187114435
2011-05-02 23:00:00,269.4434812868679
2012-06-15 01:00:00,230.20681146195975
2011-09-15 03:00:00,223.8552663856533
2012-12-08 02:00:00,205.80016868505558
2011-11-06 14:00:00,209.7943490639205
2012-10-11 23:00:00,289.47956250265395
2012-06-12 17:00:00,436.63933619282966
2011-03-01 20:00:00,148.61286962771194
2012-02-11 09:00:00,261.73342756192926
2011-12-03 15:00:00,137.31799279567304
2012-10-11 09:00:00,269.4731473986574
2011-03-01 10:00:00,97.9677824144355
2011-10-06 11:00:00,168.71147848862358
2012-04-16 10:00:00,166.34608823267897
2012-06-11 15:00:00,422.2345970379938
2012-03-05 11:00:00,292.04218141036347
2012-07-08 05:00:00,147.6669259267421
2011-05-13 00:00:00,286.3640371328745
2011-08-13 01:00:00,341.102670825134
2011-06-09 07:00:00,279.3502043378626
2011-11-07 20:00:00,405.8311292684143
2011-03-19 09:00:00,108.09087289579097
2011-11-14 13:00:00,377.31927482088724
2011-12-11 08:00:00,241.69470528078546
2012-11-18 20:00:00,241.17373900269638
2012-02-13 11:00:00,384.717705894
2012-04-18 18:00:00,260.5787462688258
2011-08-08 06:00:00,289.84332691169857
2011-07-03 10:00:00,7.437396461403608
2012-08-18 06:00:00,83.35591596480032
2012-03-13 02:00:00,306.2373916082726
2012-08-07 18:00:00,316.5963889863451
2011-02-07 22:00:00,331.89347198543487
2012-06-05 22:00:00,229.38311928440663
2011-06-12 11:00:00,304.1464737244965
2012-01-13 11:00:00,208.1692395738301
2012-07-08 22:00:00,457.26292493801463
2011-09-17 23:00:00,234.8628488827944
2012-02-05 04:00:00,12.097172148935044
2011-05-01 19:00:00,259.3451558280872
2012-10-06 14:00:00,180.94881208159092
2012-09-04 16:00:00,180.05507254752285
2012-11-07 01:00:00,210.30314498786876
2011-04-16 14:00:00,362.5324168079622
2012-07-17 17:00:00,348.5040607081031
2012-10-16 21:00:00,318.44818432159667
2011-05-09 15:00:00,354.9947615334619
2011-09-05 09:00:00,0.0
2012-10-06 12:00:00,163.22642351397823
2012-05-14 07:00:00,360.72960525197203
2012-08-07 12:00:00,223.88513130523933
2012-06-08 23:00:00,245.41682822207264
2011-09-07 21:00:00,110.10368923178078
2012-06-09 13:00:00,384.15057932073034
2012-06-15 23:00:00,289.9618253097678
2012-08-18 19:00:00,402.75495892603055
2012-12-15 08:00:00,161.16925792265204
2012-01-04 14:00:00,64.76170403695053
2012-04-01 07:00:00,10.377143222352657
2011-12-05 08:00:00,419.4155929119538
2011-01-12 08:00:00,309.48610497863297
2012-02-04 19:00:00,171.6483638254694
2011-03-12 02:00:00,107.4554158380389
2011-09-02 05:00:00,0.0
2011-12-06 22:00:00,206.9650886276982
2011-08-08 21:00:00,363.19384151211204
2011-02-09 20:00:00,130.25949711735845
2012-09-05 03:00:00,71.8618712879092
2012-11-15 22:00:00,241.02281438375522
2012-05-09 04:00:00,181.32412153070624
2011-03-01 06:00:00,64.61272393063228
2011-02-08 10:00:00,266.77272234910555
2011-02-09 00:00:00,130.71480676733515
2011-05-07 10:00:00,173.21111073902074
2012-11-01 08:00:00,0.0
2011-03-19 09:00:00,105.48440814088158
2011-02-06 15:00:00,132.34057505463306
2011-02-16 07:00:00,207.9632879791111
2011-10-06 09:00:00,171.8316149541335
2012-08-14 21:00:00,327.0084083884952
2011-02-16 12:00:00,218.01011536545127
2011-05-07 06:00:00,74.02702565525104
2012-08-05 15:00:00,299.5341582023085
2012-07-18 12:00:00,161.58995331668385
2012-04-15 23:00:00,375.8745588935675
2011-08-09 17:00:00,342.42322066873203
2012-06-09 15:00:00,436.57773111910205
2012-04-11 18:00:00,345.564126154531
2012-09-09 03:00:00,187.74583074727585
2012-09-10 12:00:00,371.2379133741658
2012-09-15 00:00:00,222.9404679925695
2011-11-15 01:00:00,253.72544287968114
2011-02-18 11:00:00,222.87362412292836
2011-07-04 02:00:00,16.10419923601802
2011-07-02 02:00:00,17.225287316761325
2011-06-16 01:00:00,225.40979619750448
2011-11-02 02:00:00,142.33053903345711
2012-12-03 05:00:00,319.2152547571784
2011-12-12 00:00:00,435.6409791286924
2012-08-04 04:00:00,18.47270780133178
2012-07-02 02:00:00,184.2686430793944
2012-05-06 23:00:00,217.31357861885155
2012-05-03 10:00:00,68.33169126786345
2012-03-05 06:00:00,234.69924909270705
2011-01-17 20:00:00,330.5562861804895
2011-05-19 15:00:00,259.6900982550016
2011-05-01 13:00:00,77.15312226602794
2011-03-05 00:00:00,61.377588766291126
2012-01-18 18:00:00,313.9071463788739
2011-03-09 20:00:00,186.51431943656232
2012-02-07 18:00:00,391.0936324875498
2012-08-15 01:00:00,179.79860196068995
2012-06-17 13:00:00,246.40146043374173
2012-04-09 16:00:00,393.3591804804271
2012-09-15 05:00:00,186.59123840656784
2011-05-10 14:00:00,336.49195792400405
2012-06-13 08:00:00,296.9778826949019
2012-01-17 15:00:00,372.31269661702527
2011-06-07 13:00:00,312.74764306902966
2011-04-16 04:00:00,141.4841657646416
2012-09-11 15:00:00,296.7832539266582
2012-04-02 20:00:00,298.6994672145785
2011-07-09 17:00:00,493.69189809844255
2011-07-19 09:00:00,115.9677404405538
2012-06-13 02:00:00,186.00873523550683
2011-10-04 08:00:00,198.360324435434
2011-05-09 13:00:00,353.4046113564339
2012-11-14 13:00:00,321.09194546519785
2011-09-04 03:00:00,0.0
2012-08-19 08:00:00,5.704962032720175
2012-03-10 12:00:00,174.62471704517085
2011-10-07 06:00:00,241.0627909871894
2011-12-19 10:00:00,410.32720804506516
2011-06-14 21:00:00,335.3348978232296
2012-01-12 12:00:00,264.60095850832624
2011-04-06 22:00:00,159.6948031116964
2012-05-19 00:00:00,165.89649063735698
2012-07-03 03:00:00,81.37147227760641
2011-03-14 19:00:00,477.2842589872871
2012-07-13 13:00:00,352.66318146817684
2011-03-14 14:00:00,377.37639216252364
2012-02-15 09:00:00,245.21382438612977
2012-11-02 13:00:00,71.25817848008012
2012-02-08 22:00:00,167.94967465678923
2011-05-01 18:00:00,255.61016269205405
2011-12-19 20:00:00,412.0216739040263
2011-03-14 09:00:00,420.20549515223615
2011-12-18 03:00:00,6.6946608838725865
2012-05-18 00:00:00,219.59395174150154
2011-07-01 16:00:00,48.718415304709
2012-03-06 06:00:00,166.98197521605118
2012-12-17 22:00:00,279.3990358766116
2012-03-17 21:00:00,239.76361079624607
2011-10-10 19:00:00,318.22450966445047
2012-09-15 04:00:00,216.7823097033487
2012-02-08 03:00:00,152.72920396907844
2012-01-06 15:00:00,72.43667360068315
2012-04-19 08:00:00,164.03327218402626
2012-07-12 04:00:00,247.04910990795244
2012-04-19 00:00:00,159.68403840194088
2012-04-02 16:00:00,285.46879730268057
2012-02-16 17:00:00,199.8844759150469
2012-08-19 15:00:00,247.0797554582432
2012-05-02 23:00:00,64.07116334138144
2012-03-07 14:00:00,141.26966482060044
2011-02-17 18:00:00,289.0267052234374
2011-05-01 16:00:00,123.56901266761209
2012-02-11 05:00:00,172.0540623987944
2012-07-13 06:00:00,333.4902145321728
2011-02-09 14:00:00,164.90097904279992
2012-08-19 02:00:00,60.576549928558904
2012-08-14 07:00:00,247.1420107082527
2011-01-15 00:00:00,94.85552461486944
2011-07-02 00:00:00,75.40876510198311
2011-04-04 02:00:00,232.25636090142768
2012-01-18 08:00:00,195.67465757656385
2012-11-15 23:00:00,230.71738426158467
2012-07-13 23:00:00,373.28505840812716
2012-07-17 08:00:00,153.6900526715998
2012-10-08 21:00:00,277.96850316067867
2012-05-19 02:00:00,97.53038826088397
2012-01-11 22:00:00,180.67240808863534
2011-03-18 10:00:00,206.5176065969328
2011-09-19 08:00:00,214.2449423592419
2012-05-02 20:00:00,60.913901873574304
2011-07-10 00:00:00,273.27638638483256
2012-04-06 11:00:00,95.99730798045434
2012-10-13 16:00:00,340.48785048218883
2011-06-01 19:00:00,140.45199162313023
2011-11-02 00:00:00,154.69647335770142
2011-12-17 15:00:00,287.35765222666026
2011-07-04 21:00:00,157.37955887901046
2012-11-03 01:00:00,23.976723162863465
2012-12-06 09:00:00,244.14872081885972
2012-10-13 10:00:00,282.62341958914135
2011-02-18 21:00:00,279.36076614121197
2012-04-08 21:00:00,347.40765405843274
2012-10-16 00:00:00,275.53303651051476
2011-10-13 09:00:00,151.799894159825
2012-10-04 11:00:00,29.933792205600128
2012-12-09 10:00:00,229.33368904278495
2012-08-18 13:00:00,287.117294631872
2011-02-13 04:00:00,159.27620461443547
2011-08-03 12:00:00,0.0
2012-02-08 09:00:00,266.3298840551313
2012-08-08 17:00:00,243.6399943631509
2011-10-15 06:00:00,191.35579393103214
2011-06-04 07:00:00,73.36315408632944
2011-06-07 05:00:00,162.3616439947586
2011-07-04 10:00:00,0.0
2012-01-06 00:00:00,90.9652992839072
2011-11-19 03:00:00,84.44876294588795
2011-04-08 09:00:00,262.6112297135442
2012-10-07 06:00:00,130.925735038318
2012-05-07 02:00:00,258.09193019528254
2012-06-03 20:00:00,249.71882684674557
2011-02-02 21:00:00,18.602929275075894
2012-05-17 22:00:00,255.4711679978106
2012-03-14 22:00:00,215.55944704230512
2011-09-02 11:00:00,0.0
2011-10-17 08:00:00,223.32023921761595
2011-09-17 18:00:00,333.5060133217986
2012-12-06 11:00:00,250.60856769480728
2012-04-17 20:00:00,349.3910979674264
2012-06-05 04:00:00,122.16389635165892
2011-01-06 16:00:00,67.6403886333569
2012-09-15 02:00:00,200.55966513332055
2012-01-12 01:00:00,151.8101110804142
2011-11-14 12:00:00,409.18547824425616
2012-09-13 21:00:00,275.60233504516185
2012-02-12 02:00:00,165.97665552264516
2012-09-17 15:00:00,341.8767017026491
2011-05-10 08:00:00,366.80648996766047
2011-10-11 07:00:00,275.2316032010137
2012-12-01 08:00:00,0.0
2012-07-16 06:00:00,247.5662571246289
2012-01-16 14:00:00,360.72361257309103
2012-11-12 11:00:00,320.10457632150707
2011-12-17 14:00:00,271.96355304024115
2011-06-16 10:00:00,303.2750293829713
2011-09-02 23:00:00,6.842088735210126
2012-08-05 11:00:00,124.93340057289723
2012-02-15 06:00:00,183.10354290675588
2012-07-05 22:00:00,156.80265940857487
2011-06-02 11:00:00,4.354792148018362
2011-12-16 21:00:00,221.46995512985112
2011-10-04 13:00:00,192.64368915681086
2011-02-09 13:00:00,174.18341308440426
2011-01-02 12:00:00,0.0
2011-03-19 01:00:00,211.14654024997807
2012-11-06 16:00:00,318.1495906696748
2012-05-04 10:00:00,112.8941309717477
2011-09-05 17:00:00,169.25372969894562
2011-06-10 12:00:00,263.9551912878207
2012-11-12 23:00:00,293.3125402307296
2012-03-05 19:00:00,453.5801779093846
2011-05-04 03:00:00,0.017524350542345246
2011-08-09 12:00:00,241.44737866820057
2011-06-07 06:00:00,165.26965150379795
2012-05-08 03:00:00,292.5122152712533
2012-10-19 20:00:00,313.61181309767727
2011-11-09 09:00:00,310.13108422859045
2012-03-19 03:00:00,236.0449520580185
2012-11-01 06:00:00,60.33015948873759
2011-07-08 14:00:00,262.91004589637316
2012-08-07 13:00:00,231.33797036907552
2012-12-05 13:00:00,155.72506614072353
2012-02-09 21:00:00,133.84664514720077
2011-05-02 15:00:00,256.03087218835987
2012-08-05 04:00:00,32.83766536401288
2012-12-18 15:00:00,326.5637693731343
2011-04-15 14:00:00,330.6377748058014
2012-02-19 14:00:00,193.5003918244916
2012-07-18 09:00:00,68.01578371203763
2012-07-11 20:00:00,270.34258615304043
2012-11-19 02:00:00,233.9971027920056
2012-01-01 02:00:00,0.0
2011-04-09 04:00:00,181.91293551360565
2012-03-01 15:00:00,0.0
2012-05-16 05:00:00,106.70254317296383
2011-12-06 14:00:00,209.71373321057996
2011-02-14 05:00:00,341.505431118783
2011-05-11 07:00:00,213.9607516082909
2011-12-13 22:00:00,350.0882645344754
2011-02-10 23:00:00,134.18176048908413
2012-09-01 12:00:00,0.0
2011-12-18 14:00:00,221.7899332537997
2011-12-19 11:00:00,424.0214803704873
2012-06-14 03:00:00,328.8319243555836
2011-07-03 06:00:00,0.0
2011-02-03 09:00:00,69.26846007624178
2011-06-19 22:00:00,244.00609552077935
2012-12-10 17:00:00,404.7345303107608
2012-08-09 14:00:00,223.39640218904995
2012-08-13 13:00:00,367.2223191408648
2011-03-12 19:00:00,355.97003115298094
2011-09-19 18:00:00,374.3486294966545
2012-09-12 11:00:00,247.52205964600444
2012-10-14 22:00:00,314.53974609241675
2012-03-10 20:00:00,211.22662806983757
2011-02-17 20:00:00,224.7920357137238
2012-07-08 16:00:00,414.7929701404227
2012-07-11 01:00:00,194.60352706331233
2012-05-15 14:00:00,333.6626291006085
2012-07-09 19:00:00,490.10522846506416
2011-11-17 09:00:00,171.8304689486738
2012-03-13 03:00:00,310.28182222365865
2012-10-19 02:00:00,186.95530243237596
2011-02-07 09:00:00,440.0781520990631
2012-07-15 17:00:00,499.79372825681105
2011-07-04 21:00:00,157.55937078475716
2012-08-18 10:00:00,176.46150598760644
2011-03-15 23:00:00,277.61377768712237
2011-11-08 08:00:00,372.24066084128447
2011-01-01 18:00:00,62.09594644144863
2012-01-19 02:00:00,174.93217029626595
2011-07-14 22:00:00,278.7872622976376
2012-08-02 18:00:00,109.30282895599998
2011-06-06 11:00:00,270.64895052853166
2011-05-02 04:00:00,157.7626644962001
2011-02-01 10:00:00,163.1958042312669
2011-07-02 01:00:00,41.35805181657392
2011-12-08 19:00:00,326.1533698019303
2011-09-17 22:00:00,270.3352192833803
2011-05-11 17:00:00,305.1890273894463
2011-12-07 04:00:00,119.08271419317424
2011-12-16 01:00:00,242.0300492790265
2011-06-10 02:00:00,231.1731559732414
2011-12-04 14:00:00,149.46155535395667
2012-04-19 04:00:00,182.35095184190823
2012-10-11 17:00:00,296.7802341595861
2011-04-15 22:00:00,362.97045605439416
2012-06-10 00:00:00,237.38017134241184
2011-08-01 20:00:00,236.58782962864692
2012-02-03 20:00:00,9.250573174789793
2011-07-11 12:00:00,356.1393715528136
2011-08-16 20:00:00,294.77456377534105
2011-04-02 04:00:00,0.0
2012-01-09 13:00:00,395.57212665591646
2012-04-18 15:00:00,203.11728780799447
2011-03-13 07:00:00,178.19952326720795
2011-10-11 05:00:00,301.8516846544797
2011-08-04 18:00:00,174.91769200188926
2011-10-03 22:00:00,238.70212500352534
2012-02-17 04:00:00,171.6172639826209
2011-11-06 17:00:00,322.7735295687687
2011-08-12 22:00:00,296.860596728052
2011-09-10 20:00:00,348.2637287416469
2012-12-02 01:00:00,0.0
2012-08-09 12:00:00,206.48265302155994
2012-10-10 07:00:00,245.9271569751621
2011-11-18 03:00:00,251.666610528396
2012-12-11 14:00:00,314.033924189008
2012-02-07 17:00:00,386.387697509675
2012-08-09 04:00:00,267.1466197819389
2011-07-11 00:00:00,323.34525147075453
2012-08-07 11:00:00,215.1252849549914
2012-01-02 18:00:00,383.80069856054115
2012-01-18 03:00:00,173.97705238141293
2011-09-08 10:00:00,245.3233628462133
2012-07-14 20:00:00,350.188292019968
2012-01-12 10:00:00,256.4956785315119
2011-09-05 19:00:00,192.96344838319106
2011-11-07 09:00:00,395.6183463497243
2011-12-06 01:00:00,212.16481689675575
2012-06-06 22:00:00,144.2676442928222
2011-03-12 14:00:00,245.9553503791794
2012-08-17 00:00:00,320.9976758444334
2012-07-01 01:00:00,0.0
2012-01-09 22:00:00,373.38964496559475
2011-02-01 23:00:00,43.08722775416581
2012-03-14 13:00:00,240.90352612850728
2012-05-11 18:00:00,380.3968976008044
2012-11-11 07:00:00,224.17144700684844
2011-11-15 07:00:00,168.18983338851797
2011-07-04 15:00:00,95.50873635011013
2012-09-12 19:00:00,286.9442475163773
2011-12-09 05:00:00,348.0426147186042
2011-10-18 09:00:00,126.33193215625013
2011-07-02 23:00:00,153.96033963758248
2011-01-04 21:00:00,223.84462178531655
2011-09-05 18:00:00,280.4429139266096
2011-07-03 23:00:00,132.37151800676378
2011-04-13 05:00:00,187.00102204530836
2011-01-15 12:00:00,178.4125587518649
2011-09-13 07:00:00,281.00188972457596
2012-10-19 04:00:00,170.1858146514868
2012-11-18 11:00:00,135.17715012174003
2011-01-07 08:00:00,174.86657295129248
2012-07-17 19:00:00,398.04805470609756
2012-12-12 12:00:00,273.2973392912146
2012-11-15 19:00:00,246.19687880890416
2011-12-19 16:00:00,436.4074348311929
2011-12-12 20:00:00,435.56786365510317
2011-06-05 13:00:00,149.99735761406924
2012-09-02 15:00:00,62.159119750618345
2011-06-12 12:00:00,325.3341524273743
2012-09-02 07:00:00,0.0
2011-08-17 06:00:00,133.78891160358432
2011-08-19 04:00:00,189.06500130144786
2012-01-03 19:00:00,341.8310056162061
2011-09-07 08:00:00,59.689933160104886
2011-09-16 21:00:00,280.2594794661128
2012-01-01 04:00:00,0.0
2012-09-06 01:00:00,150.69822192652904
2011-02-15 12:00:00,302.8567803100159
2012-11-03 16:00:00,83.95463737477584
2012-02-14 19:00:00,391.52990620056454
2011-04-19 06:00:00,170.34090450341742
2012-12-01 13:00:00,6.539881428558601
2012-04-03 03:00:00,120.03254283740571
2012-06-17 19:00:00,428.15530797707754
2011-01-12 14:00:00,249.45281700559445
2012-12-14 01:00:00,331.09150848774
2011-08-10 00:00:00,219.1130073185749
2012-11-16 08:00:00,214.61402606748106
2012-01-10 22:00:00,314.7495667075452
2011-04-01 17:00:00,134.92165001942107
2012-06-14 20:00:00,293.8160256823184
2012-01-06 17:00:00,178.95213336133781
2011-05-18 22:00:00,172.41863620829318
2012-03-02 19:00:00,40.24956669219205
2011-12-12 15:00:00,389.67352199606574
2012-05-11 06:00:00,214.37938002996802
2012-07-07 05:00:00,151.11429676416714
2011-03-06 01:00:00,148.79819036939898
2011-02-01 15:00:00,133.07629076994323
2012-04-06 10:00:00,79.92572792450449
2012-09-05 16:00:00,97.12465687995842
2011-12-07 22:00:00,153.86473077581522
2011-11-01 00:00:00,107.00149094956583
2012-11-16 08:00:00,210.0911600526643
2011-11-14 07:00:00,376.8988158753166
2011-09-14 10:00:00,230.5961848217868
2011-11-09 07:00:00,298.96712368855765
2011-12-02 22:00:00,110.4198590915604
2011-02-06 07:00:00,89.96171552401847
2012-09-10 01:00:00,356.49764146936803
2011-09-05 00:00:00,55.09291394510814
2011-07-07 08:00:00,192.29872692645796
2011-12-01 05:00:00,70.72765235460224
2012-02-08 07:00:00,255.31158438157246
2012-09-01 05:00:00,0.0
2012-11-09 22:00:00,296.2708072063387
2011-04-19 14:00:00,302.529354464701
2011-04-09 15:00:00,264.3552292768789
2012-01-08 13:00:00,206.3849950345895
2011-10-13 21:00:00,269.8763720163469
2011-10-18 07:00:00,180.06115222667793
2011-03-17 05:00:00,142.81859314454178
2011-12-01 09:00:00,80.84838780143261
2011-02-09 13:00:00,175.26296677708925
2011-11-01 13:00:00,160.70877712852172
2012-02-19 06:00:00,0.0
2011-04-04 20:00:00,438.4958508856992
2011-07-09 08:00:00,259.67530450270453
2012-07-06 01:00:00,158.11944929118673
2012-09-08 09:00:00,211.60245898530724
2012-01-18 14:00:00,251.1639911773477
2012-01-10 02:00:00,330.10277002980456
2011-06-15 10:00:00,202.7939819691281
2012-09-07 06:00:00,185.49848572325578
2011-09-10 10:00:00,270.11878050850015
2011-12-17 20:00:00,269.1741958133522
2011-11-15 20:00:00,250.55840926791348
2012-03-08 11:00:00,226.17276904933408
2011-09-04 06:00:00,0.0
2012-10-16 15:00:00,328.5591351104622
2011-07-01 01:00:00,25.6406933889931
2012-11-03 12:00:00,24.102595848191243
2012-04-15 17:00:00,515.9824681650093
2012-10-09 11:00:00,308.77705345237297
2012-03-04 18:00:00,318.1803533985711
2012-12-01 03:00:00,0.0
2011-10-06 17:00:00,210.92445029773046
2012-03-19 04:00:00,223.88165132486535
2011-11-19 12:00:00,201.7827776831333
2012-08-14 18:00:00,375.70103617239255
2012-02-02 23:00:00,0.0
2012-06-13 20:00:00,313.57420915877066
2012-11-19 16:00:00,452.78492673289406
2011-10-16 12:00:00,221.16604731513596
2012-03-09 08:00:00,247.56483977082314
2011-07-01 18:00:00,181.41830552922704
2012-08-07 05:00:00,175.42469910579598
2011-06-14 17:00:00,443.33036801898913
2011-02-16 12:00:00,217.6797341382605
2012-09-17 17:00:00,368.1008508576533
2011-08-19 19:00:00,257.7484233213792
2012-10-16 19:00:00,346.47419605723667
2012-12-03 04:00:00,321.33121923530234
2011-09-08 20:00:00,223.14273154105484
2012-04-02 20:00:00,292.6268858961133
2012-10-18 22:00:00,177.46437293208945
2011-05-18 16:00:00,226.87406054172257
2011-06-13 20:00:00,416.08263975688897
2011-10-10 05:00:00,268.43648304938125
2011-12-06 00:00:00,207.83399426101045
2011-10-15 03:00:00,187.34524991197605
2012-08-12 22:00:00,387.17674008845904
2012-11-05 09:00:00,309.997900072662
2011-08-04 11:00:00,61.84734570570808
2012-05-16 10:00:00,168.5803537337946
2012-04-14 11:00:00,241.554910864267
2012-07-13 23:00:00,373.904418815237
2012-10-04 10:00:00,42.86041382663734
2012-10-07 18:00:00,349.21949591155413
2011-03-16 13:00:00,234.91707131992223
2011-08-17 18:00:00,273.62282259080786
2011-06-18 04:00:00,58.93510704546779
2012-06-01 20:00:00,0.0
2011-08-05 06:00:00,87.96648337944754
2011-10-16 02:00:00,113.94057950060831
2012-09-03 17:00:00,182.6064420534065
2011-10-18 16:00:00,298.6856708825385
2011-07-13 13:00:00,238.2174174702083
2012-01-11 05:00:00,249.47294004727496
2011-12-06 04:00:00,169.65153408971582
2011-02-10 16:00:00,134.1926888392129
2011-07-19 04:00:00,107.99152931358688
2011-02-04 08:00:00,107.37146852322562
2012-04-14 01:00:00,164.88217411759456
2011-03-16 11:00:00,233.1527949335207
2011-08-06 19:00:00,361.23399552711106
2012-12-05 09:00:00,82.89130756974293
2011-05-03 00:00:00,155.91207885957186
2012-12-13 21:00:00,296.7380622760164
2011-04-03 20:00:00,265.14620912277894
2012-12-19 17:00:00,276.39949881636556
2011-07-13 04:00:00,202.42332426058815
2011-01-10 09:00:00,507.87516610366373
2012-05-19 04:00:00,38.950432599917406
2011-11-09 06:00:00,315.85474370139065
2012-10-12 16:00:00,305.03236275969925
2011-03-05 04:00:00,40.58874922968673
2011-03-05 02:00:00,44.310035790535494
2011-02-09 11:00:00,226.03030794524736
2012-03-05 09:00:00,383.3193982646423
2012-02-03 00:00:00,0.0
2011-08-08 23:00:00,360.8856020206347
2012-04-14 15:00:00,456.4469770715991
2012-01-07 17:00:00,317.53897459422615
2011-03-06 06:00:00,98.9380645184691
2012-08-04 21:00:00,253.24901772504043
2011-07-07 16:00:00,199.86949535968884
2012-07-10 10:00:00,258.99828871775867
2011-04-13 12:00:00,238.93470982681208
2011-03-04 14:00:00,18.21716604944129
2012-10-15 19:00:00,353.5201096403032
2011-07-10 02:00:00,221.47821565568302
2011-03-08 13:00:00,286.1096009567891
2012-04-10 11:00:00,259.7901659919839
2011-09-06 17:00:00,299.68105286612035
2011-01-09 09:00:00,227.62635094672675
2011-08-15 14:00:00,363.9746427854982
2011-03-01 08:00:00,186.32922642946198
2011-01-11 19:00:00,367.9792967412156
2011-09-18 00:00:00,116.04306392404354
2011-11-08 12:00:00,304.2906870164085
2011-10-03 09:00:00,239.72183028333592
2011-12-06 13:00:00,213.7102460833872
2011-02-18 04:00:00,158.78820033180838
2011-10-13 14:00:00,278.8727891290606
2012-09-17 02:00:00,300.55992175008515
2012-04-15 11:00:00,245.8752687051602
2011-03-02 08:00:00,65.67844523657584
2011-10-15 10:00:00,231.08159391213263
2012-08-04 05:00:00,3.5760894386661164
2011-09-06 15:00:00,190.7342594957717
2012-03-12 09:00:00,430.78528284143755
2012-06-11 14:00:00,454.94358729258806
2011-10-19 00:00:00,126.10078848948041
2012-11-08 19:00:00,266.47814372725713
2011-07-01 05:00:00,0.0
2012-11-17 10:00:00,193.13621933724374
2011-05-16 02:00:00,219.99161028452875
2012-08-10 12:00:00,294.33456503996797
2012-06-19 18:00:00,393.21554490107
2011-09-05 03:00:00,14.700470512035224
2011-12-14 04:00:00,282.72623525126386
2012-08-02 08:00:00,0.0
2012-03-05 10:00:00,292.99867411484433
2012-01-04 18:00:00,153.69577867810744
2012-07-17 11:00:00,233.2121880407139
2011-08-05 10:00:00,90.2475996218352
2011-12-12 16:00:00,380.33269300712413
2012-01-16 06:00:00,245.84636149472948
2012-02-03 23:00:00,0.0
2011-05-03 02:00:00,149.74095301455932
2011-06-04 21:00:00,310.53705188255077
2011-10-19 18:00:00,93.97112257906537
2012-08-16 10:00:00,242.63678559373196
2011-01-01 14:00:00,0.0
2011-12-14 03:00:00,267.2381229701934
2012-01-17 18:00:00,449.0675870868679
2012-11-19 20:00:00,320.52816351604554
2011-10-19 16:00:00,132.31217647769114
2012-04-16 00:00:00,217.75276353274808
2012-06-06 12:00:00,98.35613487979151
2011-11-11 13:00:00,385.88160882114204
2011-03-11 05:00:00,166.702360934828
2011-04-10 07:00:00,256.17480928795004
2012-08-08 21:00:00,201.85188228913313
2011-03-05 18:00:00,332.8166530389363
2011-11-05 06:00:00,84.94068534788204
2011-07-16 20:00:00,395.7615226902098
2012-12-13 00:00:00,271.74892676243525
2012-01-04 09:00:00,180.092147445895
2011-08-18 11:00:00,220.0679146368196
2012-11-15 22:00:00,241.88605718084708
2012-11-13 14:00:00,380.0502758576464
2011-12-09 21:00:00,296.2805748662356
2012-04-06 03:00:00,81.3537222739761
2012-08-10 16:00:00,264.7695470228906
2011-09-17 04:00:00,128.48267207405658
2011-11-16 21:00:00,141.14221688864194
2011-06-12 19:00:00,484.658543795824
2011-12-01 07:00:00,83.97964900403383
2011-07-16 09:00:00,217.33882156575277
2011-09-04 23:00:00,167.22587399894348
2011-08-19 12:00:00,263.13147113929074
2012-10-15 23:00:00,388.4438034127154
2012-07-05 17:00:00,224.81730966117777
2011-08-15 09:00:00,350.82951064971724
2011-01-14 22:00:00,183.66572223513282
2012-12-15 16:00:00,293.526965800479
2011-04-01 04:00:00,0.0
2012-08-14 02:00:00,260.3580428403302
2012-04-11 01:00:00,179.4461478804708
2012-06-11 08:00:00,364.44510085863726
2011-03-14 07:00:00,413.2026179414744
2012-06-17 22:00:00,285.64331370414266
2011-09-16 02:00:00,275.76771766035966
2011-08-08 19:00:00,457.08253184698117
2012-05-19 21:00:00,317.58113620082383
2012-05-18 12:00:00,262.9446221596554
2012-08-06 22:00:00,324.5858666368787
2012-09-19 17:00:00,257.3804021810421
2012-04-18 07:00:00,149.88775920913605
2012-02-18 00:00:00,90.12105757179543
2011-02-14 19:00:00,525.8579642035902
2012-08-17 15:00:00,423.2654419446326
2011-03-11 16:00:00,212.2920110669229
2011-05-17 22:00:00,293.2932583534728
2011-04-13 06:00:00,192.71998397637165
2011-10-17 10:00:00,349.0583501684587
2012-07-09 10:00:00,368.5445312881749
2012-10-10 20:00:00,271.42213091302995
2012-08-05 22:00:00,213.6153683483072
2011-06-18 22:00:00,384.59094775464666
2012-06-09 11:00:00,287.70579245745165
2011-03-09 12:00:00,227.6322126697977
2012-04-12 19:00:00,317.04521765044143
2011-10-10 20:00:00,327.1389247382109
2011-03-19 13:00:00,221.6087129595688
2011-09-11 15:00:00,378.15237048186737
2012-06-13 15:00:00,301.2098506848268
2012-03-08 20:00:00,253.92831746292794
2011-01-12 23:00:00,223.42289465162287
2011-12-13 03:00:00,367.43334007746193
2011-08-05 10:00:00,89.41452765041569
2011-05-08 23:00:00,226.1437443591794
2011-12-08 04:00:00,234.1437097799722
2012-07-13 17:00:00,392.25760002549714
2011-10-09 07:00:00,181.70914851779656
2012-10-17 00:00:00,243.00789931607972
2012-07-05 11:00:00,93.99315978660857
2011-09-07 11:00:00,105.2046721442401
2011-02-10 01:00:00,131.8915346801848
2012-05-04 16:00:00,132.35622455092715
2011-09-19 23:00:00,285.68506363177687
2011-12-16 10:00:00,309.5228959230559
2011-06-14 07:00:00,275.4299062200065
2011-11-06 09:00:00,136.2218325009959
2012-01-18 17:00:00,320.86757852837366
2012-12-09 19:00:00,372.23501659242066
2011-11-15 18:00:00,269.3880655732798
2011-10-01 12:00:00,0.0
2011-06-10 20:00:00,284.449781595083
2011-08-01 09:00:00,161.08529206391458
2012-07-08 06:00:00,144.29532634946395
2012-10-08 18:00:00,316.23492486827956
2011-06-14 23:00:00,311.45275759212484
2011-06-01 00:00:00,0.0
2012-08-02 20:00:00,38.38487583714726
2011-08-08 09:00:00,338.87752239996894
2012-06-07 12:00:00,153.85077605098064
2012-09-08 22:00:00,329.3257722795305
2011-12-16 15:00:00,259.9821771189612
2011-10-09 08:00:00,195.27239618702873
2012-08-19 11:00:00,150.9683876087111
2011-04-13 17:00:00,295.3800961413832
2012-03-11 13:00:00,256.7668987763268
2012-09-18 02:00:00,117.07671496737032
2012-11-05 11:00:00,361.6660240374415
2011-05-17 15:00:00,314.93258100853376
2011-06-11 10:00:00,294.3093214991792
2012-06-18 17:00:00,446.5078518173573
2012-06-13 07:00:00,206.60892724783776
2011-05-04 18:00:00,221.36872316758323
2012-07-14 22:00:00,372.01371040351137
2012-08-07 09:00:00,220.2335765200895
2012-12-03 20:00:00,245.22897138933416
2011-07-17 09:00:00,131.1592041862859
2012-01-05 10:00:00,100.728377799291
2011-09-01 01:00:00,15.516609786249262
2011-08-03 02:00:00,27.72397677468564
2012-05-02 07:00:00,47.29228417486695
2011-02-07 13:00:00,346.91190734010667
2012-02-10 05:00:00,158.76786823367635
2012-07-06 02:00:00,151.80744892829367
2012-04-17 17:00:00,425.4691472020421
2011-10-06 06:00:00,187.9328046155348
2012-07-01 14:00:00,138.525895200867
2012-09-04 23:00:00,184.42744684494033
2012-02-15 15:00:00,217.85040240799154
2012-09-07 00:00:00,196.5586843197816
2011-07-13 10:00:00,214.3323158800238
2011-06-10 21:00:00,291.09796993207544
2012-01-19 19:00:00,250.46883310564522
2011-05-08 16:00:00,308.22287180393664
2011-12-19 18:00:00,483.9962359675844
2011-08-13 19:00:00,473.23177258952853
2011-05-10 22:00:00,305.79864683486477
2012-08-14 16:00:00,316.30309519260453
2012-09-04 06:00:00,92.22988935264678
2011-08-01 21:00:00,236.27614187799972
2012-12-03 00:00:00,231.29058446294295
2011-10-18 14:00:00,203.88775051323682
2012-09-19 21:00:00,252.6501097080668
2012-01-10 13:00:00,329.090075957284
2012-12-17 23:00:00,283.21363528019276
2012-01-19 22:00:00,165.73537367075247
2011-04-15 21:00:00,373.52938794252657
2012-11-14 18:00:00,335.9195671694952
2012-08-19 06:00:00,10.63100569322819
2012-05-19 16:00:00,383.40514227874667
2012-03-05 05:00:00,232.64126394433768
2011-01-18 13:00:00,342.4729791425806
2012-02-01 06:00:00,0.0
2012-12-03 16:00:00,304.3800869829673
2012-06-16 11:00:00,264.11859117189334
2012-02-12 15:00:00,240.82341075089982
2012-09-06 06:00:00,140.03908732562294
2012-08-03 05:00:00,14.685260379064346
2012-07-06 15:00:00,192.76231070645008
2011-11-07 08:00:00,395.59566998646085
2012-06-04 14:00:00,278.18214873900354
2012-11-18 08:00:00,31.541419711103515
2012-10-02 18:00:00,82.4016074636479
2011-07-15 20:00:00,323.7959219327188
2012-09-07 17:00:00,233.43943173345457
2011-11-01 21:00:00,218.09067057532266
2012-09-03 13:00:00,0.0
2012-03-12 01:00:00,305.7344581210516
2012-10-17 13:00:00,186.96533363952648
2011-07-15 00:00:00,258.0004774055347
2012-04-09 22:00:00,451.2182732427805
2011-06-10 07:00:00,238.51944165135336
2012-02-15 20:00:00,198.78910442617632
2012-10-15 20:00:00,342.2584800759064
2011-08-08 16:00:00,358.61295075463437
2012-09-03 01:00:00,0.0
2012-12-01 15:00:00,13.274445867554789
2011-08-08 07:00:00,309.1608826802411
2012-10-06 07:00:00,107.8536233045775
2011-02-17 04:00:00,156.24061210918222
2012-11-07 06:00:00,207.50520995966582
2011-06-09 06:00:00,287.3804136333591
2012-12-07 17:00:00,222.8355105663923
2011-08-18 00:00:00,234.61202039538375
2011-09-18 02:00:00,53.64352288615456
2011-04-19 15:00:00,308.9691659320215
2012-10-03 06:00:00,0.0
2011-01-07 14:00:00,93.32418676570057
2011-08-11 14:00:00,248.01968498946582
2012-09-10 10:00:00,349.3357805465562
2011-02-04 19:00:00,122.40457041078061
2012-12-10 21:00:00,356.56352480768885
2011-07-02 03:00:00,0.0
2012-05-18 21:00:00,301.515608887055
2011-07-02 16:00:00,211.15898537404388
2012-06-16 07:00:00,160.07903551217254
2011-02-05 19:00:00,209.4077129876568
2012-11-02 08:00:00,113.40477884690132
2012-07-19 15:00:00,284.4286090967064
2012-07-11 13:00:00,288.58431585181813
2012-01-09 22:00:00,374.2379114256895
2012-02-02 00:00:00,13.897379712768753
2012-04-11 09:00:00,308.54523358879004
2012-04-19 03:00:00,183.09492206244843
2012-04-06 20:00:00,152.83279585426925
2011-03-07 04:00:00,246.3119926550019
2011-03-06 06:00:00,100.34187778950354
2012-02-15 21:00:00,195.07183239014742
2012-06-07 07:00:00,160.67175957246604
2011-08-02 16:00:00,143.48885645884644
2012-04-14 06:00:00,111.30982817543259
2011-10-14 15:00:00,264.37403428983333
2011-02-03 08:00:00,55.33045433022542
2011-12-17 02:00:00,100.00606963653183
2012-03-09 10:00:00,203.9312343676998
2012-08-06 13:00:00,273.83527539218767
2012-05-07 06:00:00,238.34486724628857
2011-02-03 14:00:00,0.0
2012-01-01 10:00:00,0.0
2011-06-09 22:00:00,346.1745414484209
2012-08-12 11:00:00,303.65236953923215
2011-03-17 01:00:00,152.20084462562056
2011-03-15 10:00:00,317.654125092467
2012-07-07 10:00:00,242.97153309099372
2011-10-06 08:00:00,168.6745942779516
2011-03-14 10:00:00,351.4063059687418
2012-03-15 23:00:00,198.0728189264243
2011-07-12 09:00:00,311.92395260173805
2011-12-08 18:00:00,321.806416099511
2012-10-05 05:00:00,150.7058160867
2012-05-15 23:00:00,299.0058671873334
2011-06-03 14:00:00,79.04428839894621
2012-01-15 16:00:00,233.71526891134133
2012-02-02 04:00:00,0.0
2011-08-14 17:00:00,425.08984491955994
2012-05-05 12:00:00,156.83391755373032
2012-02-12 16:00:00,250.66540463201721
2011-07-03 04:00:00,31.10455554042113
2011-06-06 16:00:00,333.48068392576397
2011-11-19 06:00:00,60.486098631587
2012-02-13 05:00:00,348.21285772026454
2012-10-08 10:00:00,198.4319800651231
2012-11-05 05:00:00,259.38147513209583
2011-06-18 20:00:00,424.22749795866537
2011-01-08 18:00:00,263.90931764597934
2012-04-17 11:00:00,273.14178402344055
2011-07-14 00:00:00,264.0461142118853
2012-11-04 08:00:00,59.37580701911733
2012-11-04 18:00:00,289.6012724870376
2012-01-03 07:00:00,268.16682278135704
2012-11-02 19:00:00,52.25290016657766
2012-03-08 04:00:00,142.20984543449546
2012-05-02 16:00:00,47.289600779967145
2012-05-13 04:00:00,284.62368233559494
2012-09-14 01:00:00,284.4666336092449
2011-02-03 19:00:00,140.67901031526938
2012-08-11 09:00:00,279.8211098991211
2011-01-09 07:00:00,174.11205441001704
2011-01-12 05:00:00,261.27876533101477
2012-05-17 14:00:00,268.58826794081716
2011-08-17 07:00:00,91.27801782363963
2012-01-19 16:00:00,254.75808716559422
2012-11-16 00:00:00,257.45779288528837
2012-12-01 09:00:00,0.0
2012-05-10 09:00:00,251.14778652792305
2012-05-15 21:00:00,367.91994217352254
2012-11-04 11:00:00,73.2000525600188
2011-10-14 03:00:00,272.74448115135164
2012-07-09 05:00:00,351.3614449751625
2011-06-02 17:00:00,206.68810227595185
2011-07-06 14:00:00,119.45713814245326
2012-10-15 04:00:00,281.6283081730909
2011-08-12 11:00:00,279.1374590431427
2011-04-17 16:00:00,331.30580603526397
2012-01-08 18:00:00,360.27611764082775
2012-01-17 23:00:00,328.7486046387404
2011-11-10 12:00:00,276.75282374779476
2012-06-17 15:00:00,321.83615703234926
2011-05-04 07:00:00,11.481245360666776
2012-02-12 23:00:00,172.80644508721497
2012-05-05 12:00:00,155.85906038191155
2011-04-19 22:00:00,247.72889855202504
2011-05-17 07:00:00,200.6531314626612
2012-02-05 15:00:00,140.73129546145253
2011-04-18 10:00:00,333.5101754097989
2011-10-15 23:00:00,265.7699231366281
2012-11-13 05:00:00,325.3439661422422
2012-11-01 10:00:00,0.0
2011-09-08 15:00:00,143.70157872415905
2012-02-11 14:00:00,238.60553514767207
2012-11-04 16:00:00,176.99360212480897
2011-08-04 13:00:00,55.97441459994383
2012-11-05 14:00:00,358.021623569751
2012-11-02 15:00:00,0.0
2011-04-03 06:00:00,0.0
2012-07-11 10:00:00,276.72917883555084
2012-09-05 06:00:00,52.87871758255966
2011-09-16 14:00:00,298.80099252120135
2012-11-10 09:00:00,281.0922804083807
2012-05-10 05:00:00,198.20994572894088
2012-03-19 15:00:00,434.21644557770964
2011-08-06 16:00:00,274.0912824809458
2011-04-16 19:00:00,403.75146176799797
2012-11-14 11:00:00,331.0549690851741
2011-04-08 03:00:00,156.28904670964852
2012-05-04 15:00:00,146.1383005982974
2012-10-09 14:00:00,284.338555784783
2012-05-02 01:00:00,0.0
2011-07-07 18:00:00,295.4639526256864
2011-05-07 21:00:00,298.22542719596174
2011-02-14 14:00:00,435.2642775958192
2012-02-12 22:00:00,182.29474924795502
2011-03-09 10:00:00,237.261605340129
2011-07-12 08:00:00,264.62863215059406
2011-04-01 19:00:00,140.6647865013923
2011-11-10 01:00:00,286.9949851854479
2012-07-14 13:00:00,400.30903150779693
2011-09-14 08:00:00,203.70073943198565
2011-07-11 14:00:00,364.9838556590636
2012-04-19 20:00:00,280.9120629481586
2011-06-10 14:00:00,262.2869025834235
2011-07-15 04:00:00,229.5289875754275
2011-06-08 16:00:00,224.96923560582147
2011-01-11 00:00:00,289.2311894327852
2012-09-09 07:00:00,190.10665437566462
2012-05-18 13:00:00,283.43561583270923
2012-12-16 22:00:00,162.5357092757764
2012-10-02 00:00:00,76.20518686156294
2011-10-01 19:00:00,108.46177352965651
2012-06-12 20:00:00,321.9883023731628
2011-02-12 20:00:00,195.7848304479548
2012-03-09 06:00:00,235.4302820640574
2011-05-15 04:00:00,146.59477423474218
2012-02-12 14:00:00,233.8770733688308
2011-09-16 01:00:00,291.3686526676495
2012-03-01 19:00:00,129.95461454353483
2011-07-16 07:00:00,145.7368727816247
2011-11-03 04:00:00,144.4913288745733
2011-05-12 08:00:00,242.57336557196595
2011-01-17 21:00:00,318.29598248858514
2012-10-16 14:00:00,318.8452502973608
2012-05-07 12:00:00,348.6964283546642
2012-12-12 19:00:00,258.4178913694648
2012-08-11 16:00:00,409.19180896981163
2012-01-18 05:00:00,144.34321115028968
2011-12-11 16:00:00,305.1230316537444
2011-05-15 08:00:00,219.47983720856257
2012-04-05 02:00:00,89.534649174105
2011-08-05 07:00:00,92.85253459491005
2011-04-17 09:00:00,122.95154939925922
2011-12-07 19:00:00,184.19268437537653
2012-11-07 18:00:00,228.00775241316288
2012-07-15 20:00:00,364.8060666562493
2012-09-05 02:00:00,79.94811989561543
2012-12-11 08:00:00,316.25059584080077
2011-07-09 21:00:00,404.59143452212203
2011-12-07 11:00:00,151.01585074749013
2012-11-01 16:00:00,0.0
2011-03-17 00:00:00,166.83783712110997
2012-08-11 04:00:00,238.73867635399444
2012-01-02 23:00:00,207.44464700135114
2012-07-08 01:00:00,228.26271223253167
2012-03-16 11:00:00,259.6282938779391
2012-12-19 18:00:00,278.02393159190126
2012-08-19 20:00:00,277.1967904884778
2011-03-17 10:00:00,196.82991213903114
2012-03-04 19:00:00,303.83268139418135
2011-08-08 03:00:00,292.9681163315423
2011-12-04 16:00:00,181.82490046908046
2012-02-18 11:00:00,112.23430091508547
2012-08-09 10:00:00,201.37279476324582
2011-07-14 06:00:00,233.86975720002303
2012-01-17 09:00:00,287.3926005051577
2012-05-15 16:00:00,304.5998595847128
2011-12-15 12:00:00,233.6732741952899
2011-11-06 23:00:00,196.48216578159338
2012-02-06 22:00:00,325.9242813368655
2012-07-07 09:00:00,212.78993922293458
2011-11-19 20:00:00,205.11634515867178
2011-12-16 10:00:00,303.00345843522854
2012-10-16 05:00:00,253.4514940090737
2012-02-10 13:00:00,202.31479665181354
2012-06-06 08:00:00,117.3235686524687
2012-05-17 01:00:00,175.90862500316658
2012-12-19 03:00:00,189.4831870102047
2011-12-03 10:00:00,62.1181193122369
2011-01-10 21:00:00,384.3003848711569
2011-09-11 04:00:00,194.98571672119064
2012-06-19 20:00:00,349.0195920353031
2011-02-02 22:00:00,7.504467856820554
2011-05-11 14:00:00,200.03815122594804
2011-06-18 15:00:00,430.58716825124566
2011-06-05 10:00:00,157.0792936104815
2012-02-08 18:00:00,198.79411445631075
2012-07-15 12:00:00,286.65892162401326
2012-11-04 19:00:00,293.3626677860779
2011-08-02 06:00:00,29.590747442774614
2012-11-02 03:00:00,116.8979879543222
2011-05-14 14:00:00,345.39514514083106
2011-08-15 18:00:00,455.9602519863131
2011-08-06 17:00:00,347.1748969621125
2012-05-13 16:00:00,430.26004177139816
2011-01-15 15:00:00,231.6548651068009
2011-06-16 05:00:00,192.02467444376126
2012-10-17 22:00:00,234.24381741060228
2011-11-17 08:00:00,86.88660506171772
2011-07-17 16:00:00,378.07461097960476
2011-10-12 15:00:00,198.20865606543006
2011-08-13 14:00:00,349.6403570881279
2012-06-09 04:00:00,206.50727981016792
2011-08-09 21:00:00,335.0536327646828
2011-02-10 04:00:00,225.080606201061
2012-04-10 14:00:00,291.19856698481357
2011-06-03 07:00:00,53.93833059865136
2012-11-12 17:00:00,422.28739317454995
2012-10-06 10:00:00,128.38316668176665
2011-11-16 15:00:00,168.79694478278185
2011-06-04 04:00:00,16.412160560831353
2012-06-13 17:00:00,386.5406686766411
2011-05-08 12:00:00,228.0682110997455
2011-06-05 06:00:00,132.66255147336543
2012-12-06 08:00:00,227.4258592254268
2011-02-01 02:00:00,134.29802304645358
2012-09-13 02:00:00,289.1879011335785
2012-10-01 23:00:00,104.46978640848667
2011-10-06 14:00:00,155.6438885561636
2012-06-14 01:00:00,240.505661180274
2012-01-02 05:00:00,105.64532900060328
2012-04-18 16:00:00,233.48818798692236
2012-09-08 17:00:00,368.6791245535927
2012-04-03 12:00:00,149.50692310870386
2011-10-01 02:00:00,0.0
2012-04-13 15:00:00,250.5490945179653
2011-03-09 13:00:00,222.1335504465172
2011-05-10 09:00:00,376.8360852568609
2012-04-04 06:00:00,91.97932498828698
2012-02-15 07:00:00,238.19002395418755
2012-01-09 04:00:00,379.00198430152943
2011-03-03 19:00:00,138.18838736876836
2011-06-02 22:00:00,87.07724955185188
2012-01-10 06:00:00,377.65880472138196
2012-09-16 21:00:00,272.09567785232986
2012-01-17 00:00:00,255.36956888967342
2011-10-18 06:00:00,214.01583771228906
2012-10-19 09:00:00,122.4652293259887
2011-02-16 16:00:00,234.63981393888838
2011-04-07 22:00:00,192.08121007832636
2012-07-19 18:00:00,339.9925320959069
2011-03-10 22:00:00,210.96773963742325
2011-10-07 13:00:00,174.74413894908355
2012-11-06 03:00:00,309.963834025133
2011-11-02 19:00:00,188.18718523987678
2011-03-15 01:00:00,206.1270859351154
2012-02-10 01:00:00,204.17040510340246
2012-03-02 05:00:00,0.0
2011-06-01 02:00:00,0.0
2012-05-07 10:00:00,336.25507492895383
2011-01-14 05:00:00,212.19222006559258
2012-04-04 00:00:00,75.66661794230095
2011-10-13 22:00:00,267.44865138409364
2011-07-12 20:00:00,356.69734962930045
2012-02-11 22:00:00,209.06958156682975
2012-05-15 19:00:00,395.13493164246233
2011-12-11 17:00:00,373.30304316120606
2012-06-19 12:00:00,229.56507836592215
2012-10-08 20:00:00,293.76320937582096
2011-03-01 23:00:00,117.69993126883092
2012-07-19 14:00:00,271.71894878242887
2012-07-14 17:00:00,481.51903841928004
2011-06-04 19:00:00,437.72896437318843
2012-06-15 00:00:00,234.5942231107892
2012-06-13 11:00:00,329.3903025999733
2012-04-08 16:00:00,385.0164278832955
2012-05-14 10:00:00,383.0590377185218
2011-07-19 05:00:00,123.59732263464542
2012-11-11 19:00:00,390.1741927487556
2012-06-19 07:00:00,135.87354873008195
2012-05-02 14:00:00,21.340928522386804
2012-07-15 10:00:00,196.4937272621608
2012-07-09 08:00:00,378.7332675047308
2011-07-01 14:00:00,24.655477410279957
2012-03-12 16:00:00,425.30702329163677
2011-02-19 04:00:00,35.1692817391658
2011-12-12 21:00:00,446.2297488721045
2012-08-16 15:00:00,287.5529982865581
2011-12-18 06:00:00,0.2631330911107739
2011-12-12 17:00:00,399.3955678466018
2011-02-01 18:00:00,256.5948407689382
2011-02-08 01:00:00,265.5492705222308
2012-07-18 16:00:00,239.60738007131428
2012-06-08 11:00:00,196.25023648776317
2012-06-10 22:00:00,411.87325561512887
2012-07-02 20:00:00,287.55038252448037
2012-05-04 22:00:00,107.17317176107369
2011-08-09 08:00:00,223.25834162244365
2012-12-13 12:00:00,325.6308338333527
2011-06-02 10:00:00,0.0
2012-11-04 20:00:00,198.50704117593546
2012-12-03 07:00:00,274.9330941300399
2012-12-03 03:00:00,318.38355835934397
2012-05-13 05:00:00,145.15312898724798
2012-04-11 02:00:00,175.52515203415192
2012-04-11 05:00:00,171.5991611700714
2012-06-03 14:00:00,170.23569036079363
2011-12-05 14:00:00,292.00030895703014
2012-08-02 12:00:00,0.0
2011-10-04 07:00:00,192.36924829737745
2012-04-13 03:00:00,192.7873864566625
2012-06-08 13:00:00,220.67318445918312
2011-04-11 20:00:00,471.39600947804684
2012-11-19 18:00:00,350.09482804002675
2012-07-14 22:00:00,363.5835360518905
2011-02-19 21:00:00,182.81072773975612
2011-12-12 12:00:00,478.08076844910573
2011-07-06 00:00:00,114.40042085468455
2012-02-07 16:00:00,260.49004347123775
2011-07-03 12:00:00,75.26997703648195
2011-07-06 10:00:00,59.6875902542167
2011-09-13 04:00:00,282.4544957026661
2012-05-10 00:00:00,222.49618670264763
2012-01-12 00:00:00,138.1647879868143
2011-04-18 22:00:00,376.2163964496221
2011-05-15 10:00:00,168.40496090170905
2011-06-09 04:00:00,292.3951667507629
2011-01-07 10:00:00,95.48597234518655
2012-09-17 19:00:00,358.89208247705585
2011-03-12 16:00:00,268.53929579540056
2012-02-13 22:00:00,357.7789116247211
2011-06-12 02:00:00,209.65724300332815
2012-07-16 23:00:00,339.68657878220574
2012-11-11 13:00:00,292.9181359288029
2011-04-13 20:00:00,218.07955245433988
2012-03-07 17:00:00,296.44426659782465
2011-07-07 07:00:00,195.07047436194077
2011-03-05 17:00:00,323.6289445838555
2012-04-19 19:00:00,340.46231112464534
2011-06-12 22:00:00,364.1510505853124
2011-11-10 11:00:00,270.92445680567874
2012-06-04 00:00:00,223.15940117325357
2011-12-06 18:00:00,273.3286888802678
2011-08-12 21:00:00,306.2831809950926
2012-03-09 22:00:00,141.0903640713371
2012-05-04 08:00:00,84.12973704493481
2011-01-10 03:00:00,369.0372142357866
2011-09-04 17:00:00,274.7152910307568
2012-10-06 03:00:00,124.00839338209617
2012-04-17 09:00:00,262.64488885857065
2012-04-08 10:00:00,191.88137927369385
2011-10-08 18:00:00,337.121219447846
2011-03-08 07:00:00,298.58226766163534
2012-09-19 05:00:00,103.822915755917
2011-03-07 16:00:00,307.90942524253364
2012-02-04 11:00:00,0.0
2011-05-13 08:00:00,315.126049322811
2011-09-14 21:00:00,235.95089149541008
2012-10-07 10:00:00,181.32420478692342
2012-11-17 03:00:00,137.97357246543783
2011-09-04 07:00:00,0.0
2012-06-07 08:00:00,167.0050910254794
2011-08-08 02:00:00,285.46560098166054
2012-07-03 15:00:00,159.8760449029516
2011-08-04 21:00:00,107.19614594603917
2011-04-03 17:00:00,358.7404614115276
2012-10-01 09:00:00,158.1973770630338
2011-08-05 17:00:00,222.20712208198202
2012-08-14 05:00:00,260.35607274423137
2012-12-05 12:00:00,153.91671055483036
2012-05-03 05:00:00,47.739293699776056
2012-02-18 09:00:00,82.90566973793673
2012-09-05 14:00:00,60.8890529086612
2012-12-07 20:00:00,161.36401445783662
2011-11-17 08:00:00,83.65303675107401
2011-02-07 01:00:00,301.2351377463815
2011-03-17 19:00:00,288.54187748799717
2011-09-12 22:00:00,407.76139805975265
2011-06-13 16:00:00,432.3131220145399
2011-02-19 14:00:00,240.78892236924762
2011-05-15 12:00:00,250.4976370869368
2012-04-15 15:00:00,396.16350650823966
2012-12-01 22:00:00,0.0
2011-08-04 12:00:00,63.72383956702191
2012-10-19 15:00:00,303.7604866682017
2011-06-13 13:00:00,355.2024510691166
2011-11-16 20:00:00,151.71387726244524
2012-12-14 21:00:00,314.4473294647737
2012-07-10 17:00:00,365.04261771386973
2011-01-03 15:00:00,286.4483759940705
2012-06-15 04:00:00,211.58338131203556
2011-02-09 10:00:00,179.47740471554957
2011-03-01 22:00:00,138.45057853126872
2011-02-11 06:00:00,200.8322605961285
2012-01-03 04:00:00,163.41694179062807
2011-03-01 01:00:00,91.38650377360105
2011-10-03 04:00:00,287.37005024698664
2011-09-02 15:00:00,0.0
2012-04-01 06:00:00,0.0
2012-05-14 17:00:00,499.6792468253931
2012-02-03 13:00:00,11.209606594155446
2012-10-05 00:00:00,170.0934912429776
2012-02-07 13:00:00,260.4457689412357
2012-05-13 18:00:00,640.3080876355377
2012-08-16 14:00:00,264.19057448294217
2012-02-09 23:00:00,183.6787365553928
2011-01-13 06:00:00,240.26578751217647
2011-10-10 09:00:00,254.4672656032266
2012-03-12 19:00:00,534.6551609828227
2011-04-15 15:00:00,358.6357083295757
2011-03-06 03:00:00,124.2467081725319
2011-01-15 03:00:00,135.11988230921824
2011-02-06 03:00:00,11.505874212750541
2012-05-04 04:00:00,28.375581674404884
2012-02-06 20:00:00,327.57321408387725
2012-03-10 16:00:00,195.20565344410508
2011-09-07 05:00:00,176.85767204400753
2012-12-14 05:00:00,344.73651046083353
2011-06-05 22:00:00,242.99904597577205
2011-01-03 14:00:00,286.6696507302956
2011-07-16 01:00:00,199.58807646988305
2011-03-12 09:00:00,213.98193826031272
2011-05-08 07:00:00,250.5404503903227
2012-11-09 08:00:00,301.7929819911417
2012-02-09 02:00:00,154.93747370441434
2011-10-02 16:00:00,75.31485037771722
2011-12-18 09:00:00,58.80746952201389
2012-08-04 20:00:00,254.78516196028988
2012-08-03 23:00:00,76.9038809693665
2012-03-19 08:00:00,304.0717962643271
2012-02-16 14:00:00,185.71184407362668
2011-08-06 10:00:00,195.5492823881207
2011-01-07 13:00:00,99.31439174785675
2012-11-14 19:00:00,334.73891590255505
2011-08-05 05:00:00,93.49663347558078
2012-10-16 16:00:00,327.85148756545277
2012-09-07 11:00:00,161.56140150922755
2011-11-06 07:00:00,131.1566450491335
2011-02-19 23:00:00,103.77613852029754
2011-04-04 09:00:00,360.5457416429323
2011-11-10 04:00:00,325.1800177525889
2012-10-16 21:00:00,302.5685040821867
2011-05-09 22:00:00,358.9899329073497
2012-02-02 01:00:00,27.221724611338516
2011-05-09 14:00:00,351.4428816311648
2011-09-11 11:00:00,255.7875366050134
2012-01-04 23:00:00,56.88321026264293
2011-06-18 07:00:00,84.75829720426395
2011-03-18 09:00:00,198.7418319204496
2012-09-12 12:00:00,234.7663439261321
2012-07-16 04:00:00,241.91269894238604
2012-05-05 13:00:00,176.22740922196502
2011-11-14 16:00:00,387.0274988077896
2011-06-11 08:00:00,315.3091673692502
2011-12-14 02:00:00,277.7213688141419
2011-07-10 20:00:00,460.74940023241714
2012-10-12 09:00:00,263.2117652553592
2011-04-01 07:00:00,0.0
2011-05-17 14:00:00,306.72281889739156
2012-01-03 20:00:00,200.55025951445313
2011-06-15 09:00:00,177.84248775479705
2012-02-19 00:00:00,98.92977588981088
2012-06-10 09:00:00,271.0991410141604
2012-05-17 21:00:00,271.6585894464637
2012-03-14 09:00:00,221.70346041660866
2012-05-12 17:00:00,582.7516013841431
2011-08-13 08:00:00,300.62147953496685
2011-04-10 01:00:00,238.86970076750785
2011-05-05 01:00:00,85.91855374169575
2011-09-15 04:00:00,245.70080858659674
2012-05-12 01:00:00,224.18366455505654
2012-12-07 12:00:00,233.30976712519433
2012-11-10 14:00:00,291.8723379739122
2012-01-14 14:00:00,203.6141467187434
2011-07-07 13:00:00,153.69085904200858
2012-01-18 06:00:00,143.64045012634642
2011-08-19 18:00:00,350.9508202176184
2012-04-14 20:00:00,414.5689501562665
2011-10-08 02:00:00,209.81362537453577
2011-07-01 22:00:00,63.955017942468004
2012-12-11 03:00:00,277.6133416409892
2012-02-08 16:00:00,115.91345574075345
2012-10-12 04:00:00,342.9335718243665
2011-10-13 07:00:00,133.1102537019245
2011-12-12 13:00:00,407.78889931509065
2011-05-18 17:00:00,282.4904213555269
2012-06-19 15:00:00,299.28060336420856
2012-01-08 16:00:00,232.24606486425142
2011-09-07 00:00:00,178.14818297495006
2011-02-09 07:00:00,240.72109201727986
2012-10-12 18:00:00,332.1586087691704
2011-01-09 22:00:00,184.62265916005563
2011-11-11 02:00:00,428.06022756560753
2011-06-12 08:00:00,228.28850525179186
2012-08-09 07:00:00,224.05218454406867
2012-06-11 23:00:00,479.86563918990214
2012-11-10 06:00:00,270.5854478522196
2012-02-10 22:00:00,182.7064797313126
2012-11-04 10:00:00,59.233310974490394
2012-08-04 13:00:00,150.30779429751001
2011-01-07 22:00:00,86.22527162733599
2012-10-08 06:00:00,245.82145779660829
2011-12-14 08:00:00,239.07190425392946
2012-06-14 14:00:00,284.50382801179364
2012-06-15 14:00:00,311.73166749564183
2011-08-01 00:00:00,158.8181587050586
2011-07-16 03:00:00,156.2663037407007
2012-07-02 23:00:00,260.76015556424034
2012-04-13 00:00:00,208.71744683253667
2012-05-12 19:00:00,591.563781333306
2011-05-09 05:00:00,278.7084059669762
2011-01-06 19:00:00,186.84776378723436
2012-10-03 05:00:00,0.0
2012-07-17 18:00:00,386.69585826541044
2011-01-12 15:00:00,245.6236696064641
2012-04-01 01:00:00,0.0
2011-06-02 06:00:00,0.0
2012-12-10 03:00:00,369.51023326351606
2011-08-16 00:00:00,225.4781717192463
2012-12-19 01:00:00,210.21288426914086
2012-01-16 18:00:00,495.641589639146
2012-09-01 13:00:00,0.0
2012-04-11 12:00:00,284.07237598394516
2011-07-12 09:00:00,304.7141899202567
2011-02-08 14:00:00,267.4940501074138
2011-12-19 07:00:00,341.3670196238695
2011-03-10 16:00:00,191.86175842312161
2011-12-06 02:00:00,214.47564608184513
2011-08-12 05:00:00,252.93855696970263
2011-09-15 17:00:00,245.19629905127138
2011-01-04 16:00:00,221.72641042653322
2011-11-07 11:00:00,408.28438032422
2011-07-05 00:00:00,198.79088996077056
2011-03-04 05:00:00,53.994906066318464
2012-09-01 11:00:00,0.0
2011-05-05 17:00:00,248.85471962829888
2012-06-10 10:00:00,285.49832333815465
2011-05-12 06:00:00,208.36258429509925
2012-03-03 20:00:00,99.47993152691208
2012-10-05 15:00:00,118.20916847827894
2011-08-15 19:00:00,432.89117691571886
2012-06-11 03:00:00,297.2943742148195
2012-06-17 13:00:00,239.24086605921022
2011-02-01 15:00:00,135.47412866237892
2012-12-01 01:00:00,39.76148509023531
2012-03-06 12:00:00,197.71970107369793
2011-08-04 23:00:00,103.41772938217798
2012-03-11 17:00:00,477.29123844494165
2012-10-10 09:00:00,228.1691511746761
2011-07-10 19:00:00,572.168024001222
2012-03-06 18:00:00,376.16578769939224
2012-04-14 05:00:00,117.06877769863658
2012-11-02 17:00:00,157.66155363719096
2012-04-07 19:00:00,454.52256331543276
2012-04-06 23:00:00,137.5723305883359
2012-07-10 08:00:00,246.14417292932734
2011-03-10 10:00:00,208.2240935146204
2012-08-05 19:00:00,342.59782312004575
2012-09-19 20:00:00,265.3515740363124
2012-10-03 04:00:00,9.300085705200445
2011-11-03 10:00:00,66.15366066412193
2011-02-10 11:00:00,175.06563524683875
2012-06-01 22:00:00,0.0
2011-02-15 01:00:00,255.79807836343292
2012-04-19 15:00:00,272.5155537775151
2012-05-18 07:00:00,151.0887085692449
2012-06-18 06:00:00,216.138572583318
2011-06-14 18:00:00,425.2471334871955
2012-09-08 18:00:00,371.53880530467717
2012-06-03 00:00:00,49.88935845085214
2012-06-02 23:00:00,107.49797838935004
2012-09-15 22:00:00,308.87174889736605
2012-01-19 09:00:00,249.33409657764892
2011-01-14 16:00:00,190.43516134236393
2012-10-19 21:00:00,308.39013509350383
2012-05-18 10:00:00,224.209439801401
2011-09-10 02:00:00,299.4376765574583
2012-11-19 15:00:00,443.2795138522315
2012-01-18 01:00:00,178.2485774343006
2012-12-13 10:00:00,329.890663332888
2012-02-12 16:00:00,252.36164925522365
2012-09-04 00:00:00,120.39698117398514
2011-04-09 21:00:00,284.99095062012333
2011-03-04 13:00:00,17.01678763320035
2012-08-06 10:00:00,246.44234797821179
2012-09-10 11:00:00,356.0857691949079
2012-07-08 21:00:00,371.5416786164313
2011-06-18 23:00:00,353.35586860035403
2012-02-18 10:00:00,68.1842002082686
2011-11-09 11:00:00,267.45603073838106
2011-02-14 08:00:00,435.44606904766005
2012-02-15 10:00:00,221.70294151669572
2012-06-06 15:00:00,120.52404161016584
2012-09-12 23:00:00,264.65293389692187
2012-05-13 15:00:00,427.78265297573034
2011-07-19 18:00:00,321.28509994245724
2012-06-14 18:00:00,365.48686432638084
2011-09-18 19:00:00,286.96174427794256
2011-07-15 08:00:00,228.9063277570638
2011-06-17 04:00:00,170.41816124961082
2011-01-01 02:00:00,0.0
2012-03-15 21:00:00,222.03516800952102
2011-09-19 01:00:00,251.4786512993298
2012-10-07 00:00:00,184.97178069095673
2011-05-02 11:00:00,198.21199752026382
2012-05-01 21:00:00,173.8080467692525
2012-11-10 12:00:00,283.6013640159207
2011-04-03 13:00:00,87.83240100656286
2011-02-10 14:00:00,148.59346776459532
2012-03-19 05:00:00,225.697363716268
2011-01-15 04:00:00,132.19657646946487
2012-04-17 17:00:00,432.41740270518335
2011-01-07 07:00:00,189.99655455890843
2012-11-07 23:00:00,138.34707137037043
2011-06-18 10:00:00,182.32205353572792
2012-06-10 20:00:00,462.3765694253507
2012-09-09 15:00:00,342.86025552088677
2011-10-11 17:00:00,297.5155534086605
2012-04-15 12:00:00,279.59307586228795
2011-12-11 15:00:00,299.16314958973436
2011-09-19 12:00:00,314.4770369588181
2012-02-06 05:00:00,300.2160437215349
2012-04-15 02:00:00,232.6807821226531
2012-06-18 11:00:00,318.8961603000922
2012-07-02 06:00:00,128.6189488589219
2011-04-09 07:00:00,259.5302879694917
2012-09-03 23:00:00,37.41157519439909
2011-09-14 02:00:00,218.06907781651594
2011-12-01 19:00:00,165.38188105123567
2011-05-12 00:00:00,285.4910037665169
2012-11-07 02:00:00,202.0465923509045
2012-10-10 23:00:00,262.1401462488963
2011-10-15 07:00:00,174.15642135923474
2011-07-10 00:00:00,293.61955261409173
2011-04-12 08:00:00,344.0082453561252
2011-05-04 03:00:00,0.0
2011-10-18 05:00:00,160.1224314362996
2012-11-04 22:00:00,157.63536292730538
2011-08-18 10:00:00,203.63780627453727
2011-08-03 13:00:00,14.69677818312735
2011-05-12 21:00:00,237.32783832778412
2011-09-02 06:00:00,2.063708585825168
2012-08-13 21:00:00,395.501559702329
2012-07-15 10:00:00,200.68494866821047
2011-04-03 17:00:00,357.8263867211542
2012-05-14 14:00:00,411.24028605469596
2012-12-19 11:00:00,228.2426195513602
2011-04-09 12:00:00,269.51331270617266
2012-10-07 21:00:00,265.76085184806146
2011-07-02 13:00:00,104.32426402133353
2012-12-16 03:00:00,49.06514267671599
2012-02-08 05:00:00,159.0062151674012
2011-01-13 10:00:00,274.8522456624742
2012-04-18 05:00:00,161.30572919981014
2012-02-05 12:00:00,94.50961852563978
2011-02-11 23:00:00,147.06988893163307
2011-12-06 11:00:00,206.7377288694608
2012-10-08 03:00:00,271.7797295235332
2012-03-02 22:00:00,0.0
2011-03-15 04:00:00,205.17301135699873
2012-04-13 01:00:00,199.30067462239765
2011-09-09 08:00:00,171.20954665151328
2011-12-03 01:00:00,78.07985354813928
2012-04-09 17:00:00,532.1077946193641
2012-12-08 22:00:00,239.82520687418042
2012-12-13 13:00:00,315.88856652910715
2012-12-16 19:00:00,293.0774538667972
2011-02-16 14:00:00,233.7256009871522
2011-11-10 10:00:00,301.85328164935345
2012-01-16 19:00:00,492.62541480728913
2012-09-09 05:00:00,168.56195959751093
2012-01-19 20:00:00,224.51264781575853
2011-10-12 19:00:00,185.59590862112447
2011-08-19 15:00:00,308.5048808156837
2011-01-18 13:00:00,341.69040115491856
2011-07-06 23:00:00,155.49775763421675
2011-05-18 09:00:00,104.67633849368858
2012-06-01 21:00:00,1.6890268132086987
2012-03-19 01:00:00,255.96687945274545
2011-03-12 20:00:00,230.3324859021581
2011-07-18 12:00:00,308.8324482404486
2011-11-10 01:00:00,282.4057365974167
2012-09-12 07:00:00,239.04541176600566
2012-05-01 16:00:00,169.251287631003
2011-12-11 17:00:00,368.553780116099
2011-03-11 20:00:00,154.28082916322347
2011-10-13 10:00:00,221.92779139654894
2012-07-05 19:00:00,268.20991769432425
2011-05-05 14:00:00,108.19912655357206
2012-06-18 10:00:00,283.8565180329397
2011-03-02 18:00:00,194.86161400810028
2011-05-13 10:00:00,323.3399829069673
2011-11-02 08:00:00,136.49453865289027
2012-11-18 04:00:00,0.0
2011-02-17 13:00:00,235.5250955132222
2012-01-19 22:00:00,159.95283543710258
2012-05-16 13:00:00,213.47929666950523
2011-11-15 10:00:00,252.99760838450226
2012-05-11 01:00:00,221.92713414969566
2012-01-02 20:00:00,234.4171560196125
2012-11-09 09:00:00,288.5956139203105
2012-03-19 19:00:00,540.7564330584222
2011-12-03 08:00:00,83.10923128313038
2011-10-03 12:00:00,239.1775206759459
2012-11-11 18:00:00,395.9437453353991
2011-11-07 04:00:00,405.27945310065445
2011-01-08 14:00:00,126.46741604746222
2012-01-14 21:00:00,171.23154573816953
2011-11-14 20:00:00,380.7569673982191
2012-02-08 19:00:00,199.9630330009275
2012-02-18 01:00:00,60.54805874684402
2011-08-06 19:00:00,368.6385479146832
2011-12-04 11:00:00,96.6919581515578
2011-04-11 17:00:00,594.8749990979525
2012-11-08 09:00:00,241.7578326910771
2012-12-15 17:00:00,332.78083693307605
2011-06-15 21:00:00,266.5419498038852
2012-03-09 04:00:00,183.89071909586107
2012-05-03 09:00:00,96.71166686118136
2011-04-14 13:00:00,241.0388767717866
2012-10-01 19:00:00,242.08882490313897
2011-08-04 15:00:00,72.30682497737831
2012-02-14 09:00:00,373.80056563909295
2012-11-16 22:00:00,296.84193031735253
2011-04-01 21:00:00,4.4225690674259965
2012-12-03 12:00:00,312.5234487001589
2012-05-15 20:00:00,346.5792304315546
2012-09-17 23:00:00,298.0318454867841
2011-06-18 17:00:00,496.3965101422255
2012-09-09 19:00:00,455.88940637045636
2011-11-14 06:00:00,336.78411027447623
2012-08-16 09:00:00,186.9427731281463
2011-08-04 19:00:00,181.24007944039963
2011-09-06 20:00:00,202.03657564729076
2012-04-12 15:00:00,225.26385714183021
2012-01-07 11:00:00,99.44777067178214
2011-03-10 12:00:00,205.46947058328715
2012-12-15 01:00:00,177.33699872146752
2011-12-07 12:00:00,148.85108626028867
2011-04-10 20:00:00,285.01749384326826
2011-02-14 06:00:00,348.5091964824425
2011-03-08 20:00:00,243.98156800700917
2011-09-13 14:00:00,330.56240373519313
2012-02-07 21:00:00,259.55345260361065
2012-05-14 04:00:00,348.04334650587964
2011-05-09 00:00:00,270.1664767342938
2011-01-10 06:00:00,394.02566125433054
2012-05-15 10:00:00,234.40185990592158
2012-04-16 14:00:00,304.35436804350746
2012-01-15 14:00:00,221.9009723553393
2012-12-07 03:00:00,241.64640320338773
2012-05-09 18:00:00,341.26875742092625
2011-03-05 23:00:00,167.8119172225487
2011-09-17 15:00:00,300.33567408534907
2011-03-16 21:00:00,232.59500361663726
2011-11-15 20:00:00,249.63428511622908
2011-06-10 23:00:00,285.4357479728231
2012-01-13 16:00:00,180.57922313161242
2011-06-11 02:00:00,242.88575262750743
2012-10-19 12:00:00,271.1567507338439
2012-10-08 12:00:00,203.57835888224983
2011-11-06 12:00:00,167.01707954899007
2011-12-07 21:00:00,148.96614468355492
2012-10-08 00:00:00,300.50838737271096
2011-08-16 19:00:00,367.4207509307888
2012-11-17 15:00:00,269.1489024539272
2012-02-13 18:00:00,498.30639914251543
2011-12-10 23:00:00,281.7906749656828
2012-01-16 23:00:00,329.8382672668665
2012-11-10 00:00:00,275.9485381451748
2012-10-08 11:00:00,196.73529504448655
2011-08-16 15:00:00,314.991088294359
2011-08-09 19:00:00,363.39742563752264
2012-05-10 18:00:00,358.2173600727606
2012-02-16 15:00:00,178.07120199968506
2012-12-04 22:00:00,165.61018814242314
2011-05-12 04:00:00,198.04043806544172
2012-07-07 05:00:00,146.48453187660823
2012-03-18 11:00:00,142.56478045719928
2012-07-01 16:00:00,205.93606479969736
2012-06-18 03:00:00,247.31635492921401
2012-07-10 23:00:00,345.31159176018474
2011-02-02 19:00:00,168.37148174326072
2011-12-07 18:00:00,163.43698170600874
2011-03-14 06:00:00,306.98025094803836
2011-09-18 15:00:00,250.83429434973934
2012-03-17 06:00:00,100.03978649720437
2012-10-06 08:00:00,121.32332498936562
2011-11-10 10:00:00,299.7843765943965
2011-06-08 01:00:00,139.29343537921633
2011-07-14 08:00:00,226.61041093355743
2011-08-01 10:00:00,118.51436869507062
2012-12-18 00:00:00,158.3893746022972
2012-02-09 14:00:00,143.337755316264
2011-04-03 19:00:00,356.02944099257
2011-06-03 01:00:00,74.25499361142158
2011-09-15 22:00:00,303.4571671785369
2011-01-01 10:00:00,0.0
2011-03-13 21:00:00,240.84115787973346
2012-03-05 13:00:00,287.65015766965934
2011-11-14 02:00:00,356.7948065487817
2011-09-02 07:00:00,14.583090597241295
2011-08-13 18:00:00,447.17392554105516
2011-10-14 07:00:00,135.48717200550476
2012-02-14 02:00:00,279.6281109738647
2011-05-05 08:00:00,113.47459976511817
2012-08-06 05:00:00,224.6993075241682
2012-09-06 00:00:00,142.81526602879822
2011-01-17 10:00:00,231.39330821091343
2012-04-07 17:00:00,436.586523015089
2012-10-18 18:00:00,188.84441846137452
2011-11-05 14:00:00,170.3260286602838
2012-03-09 07:00:00,267.2606798610161
2012-08-04 12:00:00,129.726734240873
2012-10-15 08:00:00,245.9496323143095
2011-09-07 09:00:00,72.77728062350141
2011-01-12 13:00:00,254.1899458525453
2011-10-13 16:00:00,263.28721502897747
2012-10-06 16:00:00,224.61394384615323
2011-09-09 03:00:00,270.45851820538616
2012-09-15 03:00:00,184.61488274679212
2012-04-07 07:00:00,152.09408945558206
2012-04-02 04:00:00,174.35637544899188
2012-06-01 11:00:00,7.071235810416113
2012-12-11 22:00:00,369.53285258636504
2012-11-04 03:00:00,35.646378300387596
2012-04-19 22:00:00,237.1595975820115
2011-08-14 19:00:00,431.9376704690228
2011-11-12 03:00:00,270.067984972477
2011-09-15 14:00:00,274.77659289575666
2012-07-01 13:00:00,104.92661050433
2011-11-11 22:00:00,441.17839033370115
2012-11-12 08:00:00,293.8173702340139
2012-12-06 19:00:00,298.62543507791804
2012-07-15 18:00:00,510.6107593810165
2012-05-05 08:00:00,104.23537568419175
2012-06-04 15:00:00,285.52567145055394
2012-01-13 04:00:00,167.23656986968933
2012-12-05 13:00:00,154.2927806253315
2011-06-11 01:00:00,249.6126080367548
2012-04-12 03:00:00,193.35538627839114
2012-09-10 21:00:00,402.37849275524184
2011-05-18 07:00:00,75.51662136460641
2012-03-02 21:00:00,0.0
2012-01-16 15:00:00,377.0366102788388
2011-08-12 13:00:00,285.47253344307603
2012-05-14 13:00:00,407.2414411351151
2011-11-16 20:00:00,151.943706710777
2012-01-16 04:00:00,247.4534910949357
2012-02-17 05:00:00,180.42914132830248
2012-01-08 17:00:00,354.90887659457394
2011-08-14 03:00:00,232.2341294589966
2012-04-19 09:00:00,193.24647019277973
2012-07-17 02:00:00,163.04162913718022
2011-11-11 19:00:00,484.8406715033311
2011-09-17 17:00:00,364.4263197574362
2011-12-05 03:00:00,368.72585891832443
2012-02-01 11:00:00,10.072059871192494
2011-07-05 09:00:00,165.06469503263423
2012-11-06 01:00:00,314.57409060822357
2012-09-12 16:00:00,242.02159994048455
2012-03-14 07:00:00,199.6375997810248
2011-07-12 19:00:00,438.5960344719222
2011-05-15 05:00:00,178.62380028318486
2012-06-16 17:00:00,541.9101873569598
2011-04-03 01:00:00,0.0
2011-09-11 14:00:00,348.09866866295215
2012-05-06 18:00:00,495.50469304356614
2011-10-02 14:00:00,47.293494878586046
2011-06-01 17:00:00,175.6091191587564
2012-08-18 04:00:00,92.64756848123244
2012-01-12 22:00:00,205.19106188639543
2011-09-02 02:00:00,0.0
2012-04-06 00:00:00,121.56186622100886
2011-05-04 08:00:00,21.364106872673403
2011-03-14 07:00:00,413.95256393254147
2011-10-19 08:00:00,0.0
2011-04-15 19:00:00,439.1346238115125
2012-03-08 13:00:00,237.21057195559126
2012-08-07 02:00:00,186.41491066270765
2011-04-04 03:00:00,223.23006801902858
2012-12-02 21:00:00,48.128223672721305
2012-05-08 03:00:00,294.3005554219703
2012-06-02 02:00:00,32.75290387485916
2011-07-13 08:00:00,187.89439822407965
2012-09-11 08:00:00,312.68405477667903
2012-09-07 00:00:00,191.04617350600373
2011-11-13 17:00:00,404.26773473773704
2011-03-02 03:00:00,0.0
2011-02-03 13:00:00,0.0
2012-03-13 23:00:00,324.2764371106557
2011-05-03 16:00:00,226.28972496608594
2011-10-13 04:00:00,275.94407873124163
2011-09-06 05:00:00,125.28070013490765
2012-06-13 09:00:00,314.0032722434289
2011-03-07 21:00:00,311.4066107714158
2011-08-01 07:00:00,145.71296059202086
2012-05-10 21:00:00,243.4136570731657
2011-02-17 06:00:00,169.36703998826593
2011-08-15 21:00:00,389.19834729442664
2011-02-15 00:00:00,252.5941689214641
2012-01-02 22:00:00,148.23216446263223
2012-12-16 01:00:00,119.83927557457099
2012-05-04 07:00:00,76.4799282151705
2012-02-09 04:00:00,200.88804401235708
2011-09-10 04:00:00,222.54368754643272
2011-09-17 12:00:00,258.8983720613746
2012-11-19 11:00:00,310.1661166085805
2011-05-16 16:00:00,414.32303546679685
2012-05-03 23:00:00,60.57426557613812
2011-03-03 22:00:00,13.753471548400597
2011-03-17 20:00:00,209.6817884839163
2011-08-13 20:00:00,418.0616249561335
2012-02-04 14:00:00,48.66363191470617
2011-09-11 13:00:00,307.76946178582784
2011-06-02 18:00:00,211.97333922914342
2011-12-09 17:00:00,327.0193735720631
2011-01-03 22:00:00,302.28736212811265
2011-03-06 10:00:00,127.81282509169642
2011-07-12 21:00:00,345.8314140872957
2011-08-13 22:00:00,426.94813088555776
2011-06-17 00:00:00,213.10694280480564
2011-10-15 20:00:00,315.0782243341494
2011-05-10 13:00:00,366.5198788634855
2012-02-05 23:00:00,61.6403703259744
2011-06-16 11:00:00,312.0881095628465
2011-06-19 01:00:00,161.88664156099313
2012-04-15 01:00:00,263.3748559147104
2011-02-04 15:00:00,10.329957614519572
2012-01-10 04:00:00,353.6446906452607
2012-12-04 03:00:00,166.55614558919996
2011-09-01 19:00:00,85.01540323468708
2011-11-09 22:00:00,268.51812226173803
2012-10-10 00:00:00,245.1677736742127
2012-10-12 22:00:00,300.71192752951623
2011-07-02 21:00:00,194.60898512022237
2011-06-08 23:00:00,226.30070123902544
2011-03-09 16:00:00,199.23069476567983
2012-02-11 01:00:00,190.07646127190247
2011-02-05 17:00:00,185.75091267779044
2011-01-03 00:00:00,267.0498368043142
2011-08-11 13:00:00,266.40777817886385
2011-12-13 14:00:00,349.4121029247757
2011-12-19 19:00:00,344.8352114546415
2011-03-01 03:00:00,79.35877092163398
2012-08-16 06:00:00,217.9884693447654
2012-10-14 02:00:00,176.48302812700393
2011-05-04 09:00:00,36.977614759834296
2012-09-09 21:00:00,340.4900511396338
2012-05-09 16:00:00,273.68742116654016
2011-08-06 00:00:00,174.76173144135606
2011-09-08 06:00:00,145.51822782364414
2011-09-17 04:00:00,131.24861063156607
2011-02-02 20:00:00,17.789652499955082
2011-12-08 13:00:00,284.4358431932667
2012-04-12 11:00:00,226.52542365517522
2012-01-06 03:00:00,96.00553727790401
2011-11-13 18:00:00,396.5485133002089
2012-04-12 16:00:00,227.4889606148572
2011-05-13 23:00:00,279.50276964872137
2011-01-02 04:00:00,0.0
2012-01-11 21:00:00,173.96320311245734
2012-10-02 01:00:00,71.13982035312608
2012-08-03 19:00:00,131.89495777895743
2012-09-15 18:00:00,391.6611350007482
2011-05-12 20:00:00,251.31471405271063
2011-04-19 11:00:00,253.73186510193554
2012-03-11 07:00:00,168.12004708703302
2012-11-07 22:00:00,137.4479903683333
2011-05-11 21:00:00,217.41037697158382
2011-03-17 18:00:00,292.12640120396054
2011-02-11 20:00:00,139.49510889021758
2011-02-09 16:00:00,176.33610335742284
2012-10-07 20:00:00,278.6068916653381
2011-01-09 13:00:00,199.6520630427149
2011-04-13 15:00:00,266.492162354046
2011-06-13 12:00:00,375.8507389596795
2012-06-07 20:00:00,228.35274094478353
2012-01-05 21:00:00,60.238251293410144
2012-09-05 10:00:00,54.50895880621201
2012-05-15 15:00:00,338.0503282752745
2011-08-17 01:00:00,165.27710883933213
2012-08-03 03:00:00,28.29531649321612
2012-05-19 19:00:00,465.59394815300476
2011-01-02 02:00:00,0.0
2012-01-16 22:00:00,318.4817897193646
2012-09-01 10:00:00,0.0
2011-06-16 18:00:00,329.31556516929504
2012-10-10 13:00:00,240.23317854423425
2011-01-13 18:00:00,274.7638335292993
2011-02-10 08:00:00,233.50614644966458
2011-05-10 02:00:00,233.21489963912876
2011-07-12 07:00:00,257.49752728043035
2012-04-15 20:00:00,375.72377549285545
2011-07-02 22:00:00,170.79385902225184
2012-07-04 11:00:00,0.0
2011-08-09 02:00:00,219.69937524823416
2012-10-09 13:00:00,297.29049736118196
2012-11-17 20:00:00,224.68348771987945
2012-09-06 05:00:00,138.18133245522478
2011-06-13 04:00:00,309.22422554262084
2012-09-05 01:00:00,88.26110828125485
2011-07-08 13:00:00,255.4238276590122
2012-10-04 19:00:00,149.73625575300295
2011-10-02 06:00:00,0.0
2011-06-18 06:00:00,61.58249551831477
2011-11-19 23:00:00,172.9257253898457
2012-04-09 02:00:00,313.48491317483
2012-01-07 04:00:00,60.52210547920953
2012-05-01 06:00:00,17.28781059654358
2011-03-19 12:00:00,177.61426807509432
2011-04-06 04:00:00,72.8284196598712
2012-11-07 12:00:00,212.11667328723462
2012-06-19 08:00:00,154.90512964485043
2011-03-10 05:00:00,192.09803240419865
2012-03-12 21:00:00,434.2194313997115
2012-04-16 03:00:00,134.5420968328852
2012-12-17 06:00:00,273.85267507515204
2011-12-16 18:00:00,242.65352893274286
2011-10-16 14:00:00,245.74019152476043
2012-09-12 22:00:00,267.19111356117764
2012-03-15 17:00:00,340.72081934687515
2011-04-07 07:00:00,223.29159539741292
2011-11-11 08:00:00,354.0661609282534
2011-08-09 10:00:00,271.9941508937082
2012-07-09 20:00:00,412.0887439458367
2011-06-03 09:00:00,78.25291794301401
2011-01-12 18:00:00,333.33410437855684
2011-01-14 00:00:00,174.36559201137032
2011-08-14 14:00:00,334.77625929875444
2012-05-08 11:00:00,323.0809152105427
2011-11-09 11:00:00,272.0294725058421
2012-12-03 21:00:00,347.2452048049239
2012-08-10 06:00:00,230.03023754773986
2012-08-01 01:00:00,0.0
2012-06-09 13:00:00,386.8813415302754
2011-09-14 22:00:00,232.30085997716077
2012-07-04 13:00:00,0.0
2012-11-01 12:00:00,0.0
2012-10-01 17:00:00,199.45570466199467
2012-02-14 20:00:00,308.5496671430452
2012-01-13 16:00:00,180.5763298863106
2011-08-05 16:00:00,135.483936845722
2012-05-16 06:00:00,110.82687862885857
2012-04-05 20:00:00,115.07225234117492
2011-10-10 01:00:00,292.0321888937607
2011-03-07 17:00:00,474.87138787435356
2012-09-02 12:00:00,0.0
2011-07-08 04:00:00,185.02161339935438
2012-06-15 09:00:00,250.4439934100925
2011-01-12 07:00:00,308.36751041595727
2012-08-14 23:00:00,301.45357400078905
2012-12-13 17:00:00,325.83168535038305
2011-12-14 09:00:00,222.13577213292683
2012-03-11 21:00:00,291.03173145153767
2011-12-06 09:00:00,222.66224167322886
2012-10-19 23:00:00,265.0126006372515
2011-09-18 09:00:00,69.75420433180514
2012-04-08 22:00:00,328.7171198085383
2012-01-04 21:00:00,60.806610443470134
2011-09-15 11:00:00,265.0004532186126
2012-05-15 13:00:00,326.10937084171667
2012-12-18 22:00:00,294.6837157618216
2012-06-19 23:00:00,245.40441705868363
2011-07-05 12:00:00,156.35094855318118
2012-08-07 09:00:00,220.70985915237213
2012-11-19 22:00:00,404.9413144868419
2012-09-16 16:00:00,306.9222201373428
2011-12-14 16:00:00,219.07585467303085
2011-04-01 22:00:00,0.0
2012-03-02 02:00:00,0.0
2011-04-16 23:00:00,279.98368796320983
2012-09-07 21:00:00,204.5502129558952
2012-07-09 23:00:00,417.34128672223306
2011-12-10 00:00:00,261.23524247930106
2011-01-10 03:00:00,370.3265274321302
2011-10-13 19:00:00,218.1232849737761
2012-01-05 14:00:00,52.16180890255748
2011-08-02 01:00:00,83.18215037037828
2011-03-16 12:00:00,237.70997467736845
2011-06-04 23:00:00,267.1131546874313
2012-11-15 08:00:00,232.87523875606428
2011-10-18 01:00:00,174.87761275660216
2012-10-03 03:00:00,12.116693264563878
2012-12-14 06:00:00,377.4700251172577
2011-09-14 19:00:00,224.27273924994546
2012-07-08 09:00:00,240.08361610057173
2011-03-02 19:00:00,197.4894845364795
2012-08-19 14:00:00,244.21611865935324
2011-03-16 08:00:00,210.29754306544396
2011-12-06 07:00:00,203.50426605039704
2011-01-05 20:00:00,98.08968851793409
2011-11-11 21:00:00,460.476259788495
2012-11-14 12:00:00,325.76277108109565
2012-12-03 11:00:00,318.7030017178996
2012-03-19 18:00:00,550.8532821179867
2011-10-19 15:00:00,132.4457113761708
2012-09-15 06:00:00,188.35000483106137
2011-04-05 12:00:00,214.03626571925864
2011-10-05 22:00:00,148.0921180570676
2011-03-14 22:00:00,340.1376933614369
2012-05-17 17:00:00,344.9901976308425
2012-03-16 20:00:00,184.82049457079756
2012-06-07 11:00:00,155.356908469725
2011-09-07 22:00:00,115.4500646843575
2011-01-08 22:00:00,102.36833809532052
2011-04-17 03:00:00,7.671943048200717
2012-05-18 05:00:00,147.28216995464317
2011-12-17 03:00:00,112.31675910366997
2012-10-01 07:00:00,243.7270078428944
2012-12-02 15:00:00,103.05231137708654
2011-12-19 09:00:00,377.4555334043549
2012-01-07 00:00:00,92.7910800552288
2012-12-16 14:00:00,202.90812612263483
2012-10-06 22:00:00,224.94289868569007
2011-02-13 13:00:00,249.33661819830027
2011-11-08 06:00:00,355.83301740257156
2011-06-19 17:00:00,392.99182088680004
2012-10-01 07:00:00,246.04534747217502
2011-08-07 20:00:00,290.9807323244347
2011-11-10 23:00:00,254.24806183358334
2011-07-03 18:00:00,505.7067326421152
2012-05-19 16:00:00,386.2616576020703
2012-11-17 12:00:00,230.12895668177305
2012-09-07 22:00:00,206.47530284770806
2012-04-16 01:00:00,192.82494586555788
2012-12-17 10:00:00,326.05581774015644
2012-08-03 13:00:00,39.49055099688144
2012-02-04 12:00:00,36.866395896469015
2012-01-16 04:00:00,245.97804512002455
2011-08-10 03:00:00,203.0369871296998
2011-12-05 00:00:00,378.33952955625773
2012-02-01 19:00:00,169.6699498352849
2011-02-08 16:00:00,268.136741468201
2012-10-06 00:00:00,168.12941987446197
2011-12-17 23:00:00,195.76269319373355
2012-08-05 14:00:00,245.66524412821124
2012-06-17 07:00:00,50.541531319901594
2011-07-05 17:00:00,313.22888299570104
2011-06-08 08:00:00,172.74260807215123
2011-11-10 05:00:00,327.0009846863131
2012-06-13 14:00:00,341.92390559620526
2012-08-04 15:00:00,210.34012213972045
2012-09-05 17:00:00,156.74582226065172
2011-06-03 11:00:00,35.983559371562535
2011-09-12 00:00:00,352.0524092700123
2012-08-10 17:00:00,319.6463553392957
2011-07-03 20:00:00,215.75797886320217
2012-04-19 08:00:00,160.97516633416697
2012-07-12 07:00:00,234.00326240522753
2012-03-05 00:00:00,243.1748718711705
2012-09-14 20:00:00,292.37119787407147
2012-01-05 04:00:00,104.71121423210928
2012-04-02 17:00:00,458.04673393700375
2011-04-11 04:00:00,298.61700702387543
2012-09-04 10:00:00,96.1464411110008
2012-08-13 14:00:00,376.2382675742672
2012-01-15 15:00:00,216.70747905575564
2011-10-16 10:00:00,162.45766120748192
2012-12-17 13:00:00,342.80195414762414
2011-01-02 17:00:00,204.60274796646985
2012-10-10 01:00:00,245.80897847837153
2012-09-13 07:00:00,265.10260814529113
2012-06-03 16:00:00,230.36204367014815
2012-12-07 18:00:00,218.9911257346812
2012-04-06 19:00:00,273.41239100062506
2011-11-12 15:00:00,320.9318473530124
2011-10-06 04:00:00,170.34830185473493
2012-10-09 23:00:00,289.3155673810211
2012-04-12 17:00:00,325.19674429894746
2011-04-15 13:00:00,314.7981554514794
2011-09-10 03:00:00,230.79646511216205
2012-04-17 14:00:00,319.5683175453914
2012-07-18 07:00:00,54.09364886682425
2011-03-08 16:00:00,243.25690378019908
2012-01-03 07:00:00,269.79188619305535
2012-10-02 23:00:00,64.70934552536835
2011-01-15 07:00:00,140.49016236881948
2012-02-10 11:00:00,226.18928641948983
2011-03-17 10:00:00,199.64626785488048
2011-01-11 17:00:00,430.88632857802304
2011-04-03 08:00:00,28.150393461333834
2011-09-08 04:00:00,245.40859274712744
2012-02-02 17:00:00,115.8919061764341
2011-10-11 03:00:00,291.99090560034057
2011-08-06 20:00:00,314.1222386432255
2011-02-05 00:00:00,50.34267597504942
2012-06-09 10:00:00,253.90931700347858
2011-07-18 13:00:00,335.5523651045953
2011-04-15 21:00:00,371.23069390610016
2011-05-14 13:00:00,340.47966455739305
2011-05-11 20:00:00,227.62279248128846
2011-11-13 03:00:00,190.92112882312097
2012-10-07 14:00:00,232.3839629595832
2012-04-14 09:00:00,227.33192522229024
2012-01-17 19:00:00,436.99780029178885
2011-08-01 11:00:00,129.90250666486116
2011-02-11 12:00:00,185.4075444926254
2012-08-02 05:00:00,0.0
2011-12-10 02:00:00,250.150467204853
2011-01-05 19:00:00,213.0025785007487
2011-06-01 10:00:00,0.0
2011-04-18 15:00:00,413.27595992254123
2011-03-15 22:00:00,279.79893806762755
2012-06-12 15:00:00,338.90929020751344
2011-04-04 00:00:00,257.26197264997364
2011-02-08 03:00:00,233.09287464107385
2012-06-14 15:00:00,301.7009837922136
2011-07-14 10:00:00,265.70755728778784
2011-02-16 09:00:00,226.71760976839673
2012-07-12 18:00:00,339.1142664315188
2012-09-08 00:00:00,235.10805447810588
2011-11-09 04:00:00,299.037330899818
2011-09-18 20:00:00,246.82249940432442
2012-10-03 20:00:00,63.691082339845906
2011-04-11 10:00:00,418.95116778024124
2012-03-17 04:00:00,91.64844426901166
2012-07-12 03:00:00,250.477062126735
2012-12-10 10:00:00,400.44424972520414
2011-11-10 19:00:00,268.2653597709814
2012-09-08 03:00:00,240.82005568971317
2011-09-08 03:00:00,142.960329162071
2011-06-15 15:00:00,245.32740846927413
2011-06-04 13:00:00,169.28918408007846
2011-05-06 12:00:00,124.51380824687772
2011-10-16 09:00:00,118.75388454941078
2011-06-18 11:00:00,206.59714583313004
2011-05-15 13:00:00,274.195209567136
2012-01-05 11:00:00,85.25336431863235
2011-08-05 03:00:00,108.52785578176963
2012-12-05 10:00:00,90.98434567825635
2012-03-02 20:00:00,0.0
2012-11-09 17:00:00,302.115458129956
2011-03-15 02:00:00,204.8481329769756
2012-06-07 21:00:00,224.57529103522825
2012-06-09 22:00:00,389.4763515845438
2011-04-01 12:00:00,0.0
2012-06-17 02:00:00,88.99399754657318
2012-03-18 11:00:00,144.53448642632964
2011-01-03 07:00:00,380.6921669099245
2012-06-03 22:00:00,224.77104588257325
2011-05-04 11:00:00,42.7701080425158
2012-06-03 10:00:00,21.689788122135752
2011-07-10 05:00:00,172.62855623797708
2011-04-12 02:00:00,335.12760209533445
2012-08-01 00:00:00,0.0
2012-04-03 02:00:00,117.45345652875169
2011-05-03 08:00:00,184.13241065903205
2011-05-17 13:00:00,297.9189322618296
2011-11-19 01:00:00,134.67325865752932
2011-02-14 11:00:00,398.339749693632
2011-06-05 16:00:00,251.8538714072635
2011-11-01 06:00:00,165.9807677144253
2011-06-09 02:00:00,286.90840313899605
2012-01-04 18:00:00,164.02260129596812
2011-05-09 05:00:00,279.43046439876537
2012-11-06 04:00:00,309.9811486689362
2012-12-04 07:00:00,231.913105139035
2012-01-12 21:00:00,187.02353832958102
2012-04-18 14:00:00,199.5717166797172
2012-12-12 22:00:00,234.07766707540586
2012-08-01 14:00:00,0.0
2012-06-08 20:00:00,268.98111243481225
2011-09-05 05:00:00,0.0
2012-03-12 15:00:00,373.1908150056305
2011-11-11 03:00:00,425.38858791437326
2012-02-16 00:00:00,193.29043008306016
2012-12-11 00:00:00,258.285263740443
2011-05-06 11:00:00,189.56278522400112
2012-08-18 09:00:00,127.83094093256965
2012-09-13 09:00:00,243.47065943856
2012-09-16 05:00:00,79.85147170170364
2012-01-03 18:00:00,340.29009070719974
2011-04-03 10:00:00,0.0
2011-10-19 17:00:00,100.52634765972672
2011-08-07 11:00:00,140.37730519042083
2011-12-09 02:00:00,328.4687337453997
2011-09-15 02:00:00,246.66116673462446
2012-09-15 23:00:00,282.8436600340602
2011-03-07 15:00:00,312.01170611671256
2011-11-16 15:00:00,166.05684611731775
2012-02-02 11:00:00,0.0
2011-10-09 09:00:00,211.93219709327025
2012-11-07 05:00:00,191.27785172620705
2011-12-16 05:00:00,204.14927811480337
2011-01-14 23:00:00,185.20018701473188
2011-02-19 09:00:00,115.46010705462011
2012-03-17 05:00:00,93.71592576088395
